us;mV
-8.26782161;15.25315
-8.26282161;16.22974
-8.25782161;16.1626
-8.25282161;15.31724
-8.24782161;15.25315
-8.24282161;16.22974
-8.23782161;15.25315
-8.23282161;16.22974
-8.22782161;15.25315
-8.22282161;15.31724
-8.21782161;15.25315
-8.21282161;15.31724
-8.20782161;15.25315
-8.20282161;16.22974
-8.19782161;14.3437
-8.19282161;14.40474
-8.18782161;15.25315
-8.18282161;15.31724
-8.17782161;15.25315
-8.17282161;14.40474
-8.16782161;14.3437
-8.16282161;14.40474
-8.15782161;14.3437
-8.15282161;14.40474
-8.14782161;14.3437
-8.14282161;14.40474
-8.13782161;14.3437
-8.13282161;14.40474
-8.12782161;14.3437
-8.12282161;14.40474
-8.11782161;14.3437
-8.11282161;14.40474
-8.10782161;14.3437
-8.10282161;14.40474
-8.09782161;14.3437
-8.09282161;14.40474
-8.08782161;14.3437
-8.08282161;14.40474
-8.07782161;14.3437
-8.07282161;14.40474
-8.06782161;14.3437
-8.06282161;13.49223
-8.05782161;13.43425
-8.05282161;14.40474
-8.04782161;13.43425
-8.04282161;13.49223
-8.03782161;13.43425
-8.03282161;13.49223
-8.02782161;13.43425
-8.02282161;13.49223
-8.01782161;13.43425
-8.01282161;13.49223
-8.00782161;13.43425
-8.00282161;13.49223
-7.99782161;13.43425
-7.99282161;12.57973
-7.98782161;13.43425
-7.98282161;12.57973
-7.97782161;13.43425
-7.97282161;12.57973
-7.96782161;13.43425
-7.96282161;12.57973
-7.95782162;12.52174
-7.95282162;12.57973
-7.94782162;13.43425
-7.94282162;12.57973
-7.93782162;12.52174
-7.93282162;12.57973
-7.92782162;12.52174
-7.92282162;12.57973
-7.91782162;12.52174
-7.91282162;12.57973
-7.90782162;12.52174
-7.90282162;12.57973
-7.89782162;12.52174
-7.89282162;12.57973
-7.88782162;12.52174
-7.88282162;11.66723
-7.87782162;12.52174
-7.87282162;11.66723
-7.86782162;11.61229
-7.86282162;12.57973
-7.85782162;11.61229
-7.85282162;12.57973
-7.84782162;11.61229
-7.84282162;11.66723
-7.83782162;11.61229
-7.83282162;11.66723
-7.82782162;10.70284
-7.82282162;11.66723
-7.81782162;11.61229
-7.81282162;11.66723
-7.80782162;11.61229
-7.80282162;11.66723
-7.79782162;10.70284
-7.79282162;10.75472
-7.78782162;10.70284
-7.78282162;10.75472
-7.77782162;11.61229
-7.77282162;11.66723
-7.76782162;10.70284
-7.76282162;10.75472
-7.75782162;10.70284
-7.75282162;10.75472
-7.74782162;10.70284
-7.74282162;10.75472
-7.73782162;10.70284
-7.73282162;10.75472
-7.72782162;10.70284
-7.72282162;10.75472
-7.71782162;10.70284
-7.71282162;10.75472
-7.70782162;10.70284
-7.70282162;10.75472
-7.69782162;10.70284
-7.69282162;10.75472
-7.68782162;10.70284
-7.68282162;9.842219
-7.67782162;10.70284
-7.67282162;10.75472
-7.66782162;10.70284
-7.66282162;10.75472
-7.65782162;10.70284
-7.65282162;10.75472
-7.64782162;10.70284
-7.64282162;9.842219
-7.63782162;9.793389
-7.63282162;9.842219
-7.62782162;10.70284
-7.62282162;8.929716
-7.61782162;9.793389
-7.61282162;9.842219
-7.60782162;9.793389
-7.60282162;9.842219
-7.59782162;9.793389
-7.59282162;9.842219
-7.58782162;9.793389
-7.58282162;8.929716
-7.57782162;9.793389
-7.57282162;9.842219
-7.56782162;9.793389
-7.56282162;8.929716
-7.55782162;9.793389
-7.55282162;8.929716
-7.54782162;8.883938
-7.54282162;8.929716
-7.53782162;9.793389
-7.53282162;8.929716
-7.52782162;8.883938
-7.52282162;8.929716
-7.51782162;8.883938
-7.51282162;8.929716
-7.50782162;9.793389
-7.50282162;8.929716
-7.49782162;8.883938
-7.49282162;8.929716
-7.48782162;7.974486
-7.48282162;8.929716
-7.47782162;8.883938
-7.47282162;8.929716
-7.46782162;8.883938
-7.46282162;8.929716
-7.45782162;7.974486
-7.45282162;8.929716
-7.44782162;8.883938
-7.44282162;8.929716
-7.43782162;7.974486
-7.43282162;8.017212
-7.42782162;8.883938
-7.42282162;8.929716
-7.41782162;7.974486
-7.41282162;8.017212
-7.40782162;7.974486
-7.40282162;8.017212
-7.39782162;7.065034
-7.39282162;8.017212
-7.38782162;7.974486
-7.38282162;8.017212
-7.37782162;7.065034
-7.37282162;8.017212
-7.36782162;7.974486
-7.36282162;8.017212
-7.35782162;7.065034
-7.35282162;7.101657
-7.34782162;7.065034
-7.34282162;8.017212
-7.33782162;7.065034
-7.33282162;7.101657
-7.32782162;7.974486
-7.32282162;7.101657
-7.31782162;7.065034
-7.31282162;8.017212
-7.30782162;7.065034
-7.30282162;7.101657
-7.29782162;7.065034
-7.29282162;7.101657
-7.28782162;7.065034
-7.28282162;7.101657
-7.27782162;7.065034
-7.27282162;7.101657
-7.26782162;7.065034
-7.26282162;7.101657
-7.25782162;7.065034
-7.25282162;7.101657
-7.24782162;7.065034
-7.24282162;7.101657
-7.23782162;7.065034
-7.23282162;7.101657
-7.22782162;7.065034
-7.22282162;7.101657
-7.21782162;7.065034
-7.21282162;7.101657
-7.20782162;6.155583
-7.20282162;7.101657
-7.19782162;7.065034
-7.19282162;7.101657
-7.18782162;7.065034
-7.18282162;7.101657
-7.17782162;6.155583
-7.17282162;7.101657
-7.16782162;6.155583
-7.16282162;6.189154
-7.15782162;6.155583
-7.15282162;6.189154
-7.14782162;6.155583
-7.14282162;6.189154
-7.13782162;6.155583
-7.13282162;6.189154
-7.12782162;6.155583
-7.12282162;6.189154
-7.11782162;6.155583
-7.11282162;6.189154
-7.10782162;6.155583
-7.10282162;6.189154
-7.09782162;6.155583
-7.09282162;6.189154
-7.08782162;6.155583
-7.08282162;5.27665
-7.07782162;5.246131
-7.07282162;5.27665
-7.06782162;6.155583
-7.06282162;5.27665
-7.05782162;6.155583
-7.05282162;5.27665
-7.04782162;4.33668
-7.04282162;5.27665
-7.03782162;5.246131
-7.03282162;5.27665
-7.02782162;5.246131
-7.02282162;5.27665
-7.01782162;5.246131
-7.01282162;5.27665
-7.00782162;4.33668
-7.00282162;5.27665
-6.99782162;4.33668
-6.99282162;5.27665
-6.98782162;5.246131
-6.98282162;5.27665
-6.97782162;5.246131
-6.97282162;4.364147
-6.96782162;5.246131
-6.96282162;5.27665
-6.95782162;4.33668
-6.95282162;5.27665
-6.94782162;4.33668
-6.94282162;5.27665
-6.93782162;5.246131
-6.93282162;5.27665
-6.92782162;4.33668
-6.92282162;5.27665
-6.91782162;5.246131
-6.91282162;4.364147
-6.90782162;4.33668
-6.90282162;4.364147
-6.89782162;4.33668
-6.89282162;4.364147
-6.88782162;4.33668
-6.88282162;4.364147
-6.87782162;4.33668
-6.87282162;4.364147
-6.86782162;4.33668
-6.86282162;4.364147
-6.85782162;4.33668
-6.85282162;3.451643
-6.84782162;4.33668
-6.84282162;4.364147
-6.83782162;3.427228
-6.83282162;3.451643
-6.82782162;3.427228
-6.82282162;4.364147
-6.81782162;3.427228
-6.81282162;3.451643
-6.80782162;3.427228
-6.80282162;3.451643
-6.79782162;3.427228
-6.79282162;3.451643
-6.78782162;3.427228
-6.78282162;3.451643
-6.77782162;3.427228
-6.77282162;3.451643
-6.76782162;3.427228
-6.76282162;3.451643
-6.75782162;3.427228
-6.75282162;3.451643
-6.74782162;3.427228
-6.74282162;3.451643
-6.73782162;3.427228
-6.73282162;3.451643
-6.72782162;3.427228
-6.72282162;3.451643
-6.71782162;3.427228
-6.71282162;3.451643
-6.70782162;3.427228
-6.70282162;3.451643
-6.69782162;3.427228
-6.69282162;3.451643
-6.68782162;3.427228
-6.68282162;3.451643
-6.67782162;3.427228
-6.67282162;3.451643
-6.66782162;3.427228
-6.66282162;3.451643
-6.65782162;3.427228
-6.65282162;2.53914
-6.64782162;2.517777
-6.64282162;3.451643
-6.63782162;2.517777
-6.63282162;2.53914
-6.62782162;3.427228
-6.62282162;2.53914
-6.61782162;2.517777
-6.61282162;2.53914
-6.60782162;2.517777
-6.60282162;2.53914
-6.59782162;3.427228
-6.59282162;2.53914
-6.58782162;2.517777
-6.58282162;2.53914
-6.57782162;2.517777
-6.57282162;2.53914
-6.56782162;3.427228
-6.56282162;2.53914
-6.55782162;2.517777
-6.55282162;1.626637
-6.54782162;3.427228
-6.54282162;2.53914
-6.53782162;2.517777
-6.53282162;1.626637
-6.52782162;2.517777
-6.52282162;1.626637
-6.51782162;2.517777
-6.51282162;1.626637
-6.50782162;2.517777
-6.50282162;1.626637
-6.49782162;1.608325
-6.49282162;1.626637
-6.48782162;2.517777
-6.48282162;1.626637
-6.47782162;2.517777
-6.47282162;1.626637
-6.46782162;2.517777
-6.46282162;1.626637
-6.45782162;1.608325
-6.45282162;1.626637
-6.44782162;2.517777
-6.44282162;1.626637
-6.43782162;1.608325
-6.43282162;1.626637
-6.42782162;1.608325
-6.42282162;1.626637
-6.41782162;1.608325
-6.41282162;1.626637
-6.40782162;1.608325
-6.40282162;1.626637
-6.39782162;1.608325
-6.39282162;1.626637
-6.38782162;1.608325
-6.38282162;1.626637
-6.37782162;1.608325
-6.37282162;1.626637
-6.36782162;1.608325
-6.36282162;0.7141331
-6.35782162;1.608325
-6.35282162;1.626637
-6.34782162;1.608325
-6.34282162;0.7141331
-6.33782162;0.6988738
-6.33282162;1.626637
-6.32782162;0.6988738
-6.32282162;1.626637
-6.31782162;0.6988738
-6.31282162;0.7141331
-6.30782163;0.6988738
-6.30282163;1.626637
-6.29782163;0.6988738
-6.29282163;0.7141331
-6.28782163;0.6988738
-6.28282163;0.7141331
-6.27782163;0.6988738
-6.27282163;0.7141331
-6.26782163;0.6988738
-6.26282163;0.7141331
-6.25782163;0.6988738
-6.25282163;0.7141331
-6.24782163;0.6988738
-6.24282163;0.7141331
-6.23782163;-0.2105777
-6.23282163;-0.1983703
-6.22782163;0.6988738
-6.22282163;-0.1983703
-6.21782163;-0.2105777
-6.21282163;0.7141331
-6.20782163;-0.2105777
-6.20282163;0.7141331
-6.19782163;-0.2105777
-6.19282163;-0.1983703
-6.18782163;-0.2105777
-6.18282163;-0.1983703
-6.17782163;-0.2105777
-6.17282163;-0.1983703
-6.16782163;-0.2105777
-6.16282163;-0.1983703
-6.15782163;0.6988738
-6.15282163;-0.1983703
-6.14782163;-0.2105777
-6.14282163;-0.1983703
-6.13782163;-0.2105777
-6.13282163;-0.1983703
-6.12782163;-0.2105777
-6.12282163;-0.1983703
-6.11782163;-0.2105777
-6.11282163;-0.1983703
-6.10782163;-0.2105777
-6.10282163;-0.1983703
-6.09782163;-0.2105777
-6.09282163;0.7141331
-6.08782163;2.517777
-6.08282163;5.27665
-6.07782163;7.974486
-6.07282163;10.75472
-6.06782163;14.3437
-6.06282163;18.0578
-6.05782163;20.70986
-6.05282163;23.53282
-6.04782163;25.26017
-6.04282163;29.01089
-6.03782163;32.53883
-6.03282163;36.31092
-6.02782163;38.90499
-6.02282163;40.87649
-6.01782163;43.4553
-6.01282163;47.26707
-6.00782163;49.82146
-6.00282163;52.74209
-5.99782163;55.28123
-5.99282163;58.22016
-5.98782163;61.65044
-5.98282163;65.52019
-5.97782163;67.10715
-5.97282163;70.08575
-5.96782163;72.56691
-5.96282163;75.56078
-5.95782163;78.93307
-5.95282163;81.95135
-5.94782163;83.48338
-5.94282163;83.77636
-5.93782163;83.48338
-5.93282163;83.77636
-5.92782163;83.48338
-5.92282163;82.86385
-5.91782163;81.66447
-5.91282163;81.95135
-5.90782163;82.57393
-5.90282163;83.77636
-5.89782163;82.57393
-5.89282163;81.95135
-5.88782163;81.66447
-5.88282163;81.95135
-5.87782163;81.66447
-5.87282163;81.95135
-5.86782163;80.75198
-5.86282163;81.03884
-5.85782163;80.75198
-5.85282163;81.95135
-5.84782163;80.75198
-5.84282163;81.03884
-5.83782163;79.84252
-5.83282163;80.12634
-5.82782163;79.84252
-5.82282163;80.12634
-5.81782163;79.84252
-5.81282163;80.12634
-5.80782163;79.84252
-5.80282163;80.12634
-5.79782163;78.93307
-5.79282163;80.12634
-5.78782163;78.93307
-5.78282163;78.30134
-5.77782163;78.93307
-5.77282163;78.30134
-5.76782163;78.93307
-5.76282163;78.30134
-5.75782163;78.02361
-5.75282163;78.30134
-5.74782163;78.02361
-5.74282163;78.30134
-5.73782163;77.11417
-5.73282163;78.30134
-5.72782163;77.11417
-5.72282163;76.47633
-5.71782163;76.20471
-5.71282163;77.38883
-5.70782163;77.11417
-5.70282163;76.47633
-5.69782163;76.20471
-5.69282163;76.47633
-5.68782163;76.20471
-5.68282163;76.47633
-5.67782163;76.20471
-5.67282163;75.56078
-5.66782163;75.29527
-5.66282163;75.56078
-5.65782163;75.29527
-5.65282163;75.56078
-5.64782163;75.29527
-5.64282163;74.64827
-5.63782163;74.38581
-5.63282163;74.64827
-5.62782163;74.38581
-5.62282163;74.64827
-5.61782163;74.38581
-5.61282163;73.73577
-5.60782163;73.47636
-5.60282163;73.73577
-5.59782163;74.38581
-5.59282163;74.64827
-5.58782163;72.56691
-5.58282163;72.82327
-5.57782163;72.56691
-5.57282163;72.82327
-5.56782163;72.56691
-5.56282163;72.82327
-5.55782163;72.56691
-5.55282163;72.82327
-5.54782163;72.56691
-5.54282163;72.82327
-5.53782163;72.56691
-5.53282163;71.91076
-5.52782163;72.56691
-5.52282163;71.91076
-5.51782163;71.65746
-5.51282163;70.99825
-5.50782163;71.65746
-5.50282163;70.99825
-5.49782163;69.8355
-5.49282163;70.99825
-5.48782163;71.65746
-5.48282163;70.99825
-5.47782163;69.8355
-5.47282163;70.08575
-5.46782163;69.8355
-5.46282163;70.08575
-5.45782163;68.92605
-5.45282163;69.17325
-5.44782163;68.92605
-5.44282163;69.17325
-5.43782163;68.92605
-5.43282163;69.17325
-5.42782163;68.92605
-5.42282163;69.17325
-5.41782163;68.92605
-5.41282163;68.26075
-5.40782163;68.92605
-5.40282163;68.26075
-5.39782163;68.0166
-5.39282163;67.34824
-5.38782163;68.0166
-5.38282163;67.34824
-5.37782163;68.0166
-5.37282163;67.34824
-5.36782163;68.0166
-5.36282163;67.34824
-5.35782163;67.10715
-5.35282163;67.34824
-5.34782163;67.10715
-5.34282163;67.34824
-5.33782163;67.10715
-5.33282163;66.43575
-5.32782163;67.10715
-5.32282163;66.43575
-5.31782163;65.28824
-5.31282163;65.52019
-5.30782163;66.1977
-5.30282163;65.52019
-5.29782163;65.28824
-5.29282163;65.52019
-5.28782163;65.28824
-5.28282163;65.52019
-5.27782163;65.28824
-5.27282163;65.52019
-5.26782163;65.28824
-5.26282163;65.52019
-5.25782163;64.37879
-5.25282163;65.52019
-5.24782163;64.37879
-5.24282163;64.60768
-5.23782163;64.37879
-5.23282163;63.69518
-5.22782163;64.37879
-5.22282163;63.69518
-5.21782163;63.46934
-5.21282163;63.69518
-5.20782163;63.46934
-5.20282163;63.69518
-5.19782163;63.46934
-5.19282163;63.69518
-5.18782163;62.55989
-5.18282163;62.78267
-5.17782163;62.55989
-5.17282163;62.78267
-5.16782163;61.65044
-5.16282163;61.87017
-5.15782163;62.55989
-5.15282163;61.87017
-5.14782163;61.65044
-5.14282163;61.87017
-5.13782163;61.65044
-5.13282163;61.87017
-5.12782163;61.65044
-5.12282163;61.87017
-5.11782163;61.65044
-5.11282163;61.87017
-5.10782163;60.73793
-5.10282163;60.95767
-5.09782163;60.73793
-5.09282163;60.95767
-5.08782163;60.73793
-5.08282163;60.04517
-5.07782163;60.73793
-5.07282163;60.04517
-5.06782163;59.82848
-5.06282163;60.04517
-5.05782163;60.73793
-5.05282163;60.04517
-5.04782163;59.82848
-5.04282163;60.04517
-5.03782163;59.82848
-5.03282163;60.04517
-5.02782163;58.91903
-5.02282163;59.13266
-5.01782163;58.91903
-5.01282163;59.13266
-5.00782163;58.00958
-5.00282163;59.13266
-4.99782163;58.00958
-4.99282163;58.22016
-4.98782163;58.00958
-4.98282163;58.22016
-4.97782163;58.00958
-4.97282163;58.22016
-4.96782163;58.00958
-4.96282163;58.22016
-4.95782163;58.00958
-4.95282163;57.30765
-4.94782163;57.10013
-4.94282163;58.22016
-4.93782163;57.10013
-4.93282163;57.30765
-4.92782163;57.10013
-4.92282163;56.39515
-4.91782163;57.10013
-4.91282163;56.39515
-4.90782163;56.19068
-4.90282163;56.39515
-4.89782163;56.19068
-4.89282163;56.39515
-4.88782163;56.19068
-4.88282163;56.39515
-4.87782163;56.19068
-4.87282163;56.39515
-4.86782163;55.28123
-4.86282163;55.4796
-4.85782163;55.28123
-4.85282163;55.4796
-4.84782163;54.37177
-4.84282163;54.56709
-4.83782163;55.28123
-4.83282163;54.56709
-4.82782163;54.37177
-4.82282163;54.56709
-4.81782163;54.37177
-4.81282163;54.56709
-4.80782163;54.37177
-4.80282163;54.56709
-4.79782163;54.37177
-4.79282163;54.56709
-4.78782163;54.37177
-4.78282163;53.65459
-4.77782163;53.46232
-4.77282163;53.65459
-4.76782163;53.46232
-4.76282163;52.74209
-4.75782163;53.46232
-4.75282163;52.74209
-4.74782163;52.55287
-4.74282163;52.74209
-4.73782163;52.55287
-4.73282163;52.74209
-4.72782163;52.55287
-4.72282163;52.74209
-4.71782163;52.55287
-4.71282163;52.74209
-4.70782163;51.64037
-4.70282163;52.74209
-4.69782163;51.64037
-4.69282163;51.82958
-4.68782163;51.64037
-4.68282163;51.82958
-4.67782163;50.73092
-4.67282163;50.91708
-4.66782163;50.73092
-4.66282164;50.91708
-4.65782164;50.73092
-4.65282164;50.91708
-4.64782164;50.73092
-4.64282164;50.91708
-4.63782164;50.73092
-4.63282164;50.91708
-4.62782164;50.73092
-4.62282164;50.91708
-4.61782164;50.73092
-4.61282164;50.91708
-4.60782164;49.82146
-4.60282164;50.00458
-4.59782164;50.73092
-4.59282164;50.00458
-4.58782164;49.82146
-4.58282164;49.09208
-4.57782164;49.82146
-4.57282164;49.09208
-4.56782164;48.91201
-4.56282164;49.09208
-4.55782164;48.91201
-4.55282164;49.09208
-4.54782164;48.91201
-4.54282164;49.09208
-4.53782164;48.91201
-4.53282164;49.09208
-4.52782164;48.91201
-4.52282164;49.09208
-4.51782164;48.00256
-4.51282164;48.17957
-4.50782164;48.00256
-4.50282164;48.17957
-4.49782164;48.00256
-4.49282164;48.17957
-4.48782164;47.09311
-4.48282164;47.26707
-4.47782164;47.09311
-4.47282164;47.26707
-4.46782164;47.09311
-4.46282164;47.26707
-4.45782164;47.09311
-4.45282164;47.26707
-4.44782164;47.09311
-4.44282164;47.26707
-4.43782164;47.09311
-4.43282164;46.35151
-4.42782164;47.09311
-4.42282164;46.35151
-4.41782164;46.18366
-4.41282164;46.35151
-4.40782164;46.18366
-4.40282164;46.35151
-4.39782164;46.18366
-4.39282164;46.35151
-4.38782164;46.18366
-4.38282164;45.43901
-4.37782164;45.27421
-4.37282164;45.43901
-4.36782164;45.27421
-4.36282164;45.43901
-4.35782164;45.27421
-4.35282164;45.43901
-4.34782164;45.27421
-4.34282164;45.43901
-4.33782164;44.36475
-4.33282164;45.43901
-4.32782164;44.36475
-4.32282164;44.5265
-4.31782164;44.36475
-4.31282164;44.5265
-4.30782164;44.36475
-4.30282164;44.5265
-4.29782164;43.4553
-4.29282164;43.614
-4.28782164;43.4553
-4.28282164;43.614
-4.27782164;43.4553
-4.27282164;43.614
-4.26782164;43.4553
-4.26282164;43.614
-4.25782164;43.4553
-4.25282164;43.614
-4.24782164;43.4553
-4.24282164;42.7015
-4.23782164;43.4553
-4.23282164;43.614
-4.22782164;43.4553
-4.22282164;43.614
-4.21782164;43.4553
-4.21282164;42.7015
-4.20782164;42.54585
-4.20282164;41.78899
-4.19782164;42.54585
-4.19282164;41.78899
-4.18782164;41.63335
-4.18282164;41.78899
-4.17782164;41.63335
-4.17282164;41.78899
-4.16782164;41.63335
-4.16282164;41.78899
-4.15782164;41.63335
-4.15282164;41.78899
-4.14782164;40.7239
-4.14282164;40.87649
-4.13782164;41.63335
-4.13282164;41.78899
-4.12782164;40.7239
-4.12282164;40.87649
-4.11782164;40.7239
-4.11282164;40.87649
-4.10782164;39.81445
-4.10282164;40.87649
-4.09782164;40.7239
-4.09282164;40.87649
-4.08782164;39.81445
-4.08282164;39.96399
-4.07782164;39.81445
-4.07282164;39.96399
-4.06782164;39.81445
-4.06282164;39.96399
-4.05782164;39.81445
-4.05282164;39.96399
-4.04782164;39.81445
-4.04282164;39.96399
-4.03782164;39.81445
-4.03282164;39.05148
-4.02782164;38.90499
-4.02282164;39.05148
-4.01782164;39.81445
-4.01282164;39.05148
-4.00782164;38.90499
-4.00282164;39.05148
-3.99782164;38.90499
-3.99282164;39.05148
-3.98782164;38.90499
-3.98282164;38.13898
-3.97782164;38.90499
-3.97282164;38.13898
-3.96782164;38.90499
-3.96282164;38.13898
-3.95782164;37.99554
-3.95282164;38.13898
-3.94782164;37.99554
-3.94282164;38.13898
-3.93782164;37.99554
-3.93282164;38.13898
-3.92782164;37.99554
-3.92282164;37.22648
-3.91782164;37.99554
-3.91282164;37.22648
-3.90782164;37.99554
-3.90282164;37.22648
-3.89782164;37.08609
-3.89282164;37.22648
-3.88782164;36.17664
-3.88282164;37.22648
-3.87782164;36.17664
-3.87282164;36.31092
-3.86782164;36.17664
-3.86282164;36.31092
-3.85782164;36.17664
-3.85282164;36.31092
-3.84782164;36.17664
-3.84282164;36.31092
-3.83782164;36.17664
-3.83282164;36.31092
-3.82782164;36.17664
-3.82282164;36.31092
-3.81782164;35.26719
-3.81282164;36.31092
-3.80782164;35.26719
-3.80282164;36.31092
-3.79782164;35.26719
-3.79282164;35.39842
-3.78782164;35.26719
-3.78282164;35.39842
-3.77782164;35.26719
-3.77282164;35.39842
-3.76782164;35.26719
-3.76282164;34.48592
-3.75782164;35.26719
-3.75282164;34.48592
-3.74782164;34.35773
-3.74282164;34.48592
-3.73782164;33.44828
-3.73282164;34.48592
-3.72782164;34.35773
-3.72282164;34.48592
-3.71782164;33.44828
-3.71282164;34.48592
-3.70782164;34.35773
-3.70282164;34.48592
-3.69782164;34.35773
-3.69282164;34.48592
-3.68782164;33.44828
-3.68282164;34.48592
-3.67782164;33.44828
-3.67282164;33.57341
-3.66782164;33.44828
-3.66282164;32.66091
-3.65782164;33.44828
-3.65282164;32.66091
-3.64782164;32.53883
-3.64282164;32.66091
-3.63782164;33.44828
-3.63282164;32.66091
-3.62782164;32.53883
-3.62282164;32.66091
-3.61782164;32.53883
-3.61282164;32.66091
-3.60782164;32.53883
-3.60282164;32.66091
-3.59782164;32.53883
-3.59282164;32.66091
-3.58782164;32.53883
-3.58282164;32.66091
-3.57782164;32.53883
-3.57282164;31.74841
-3.56782164;31.62633
-3.56282164;31.74841
-3.55782164;31.62633
-3.55282164;31.74841
-3.54782164;31.62633
-3.54282164;31.74841
-3.53782164;31.62633
-3.53282164;30.8359
-3.52782164;31.62633
-3.52282164;30.8359
-3.51782164;31.62633
-3.51282164;30.8359
-3.50782164;30.71688
-3.50282164;30.8359
-3.49782164;30.71688
-3.49282164;30.8359
-3.48782164;30.71688
-3.48282164;30.8359
-3.47782164;29.80743
-3.47282164;30.8359
-3.46782164;30.71688
-3.46282164;30.8359
-3.45782164;29.80743
-3.45282164;30.8359
-3.44782164;29.80743
-3.44282164;30.8359
-3.43782164;29.80743
-3.43282164;30.8359
-3.42782164;29.80743
-3.42282164;29.9234
-3.41782164;29.80743
-3.41282164;29.01089
-3.40782164;29.80743
-3.40282164;29.01089
-3.39782164;28.89797
-3.39282164;29.01089
-3.38782164;28.89797
-3.38282164;29.01089
-3.37782164;28.89797
-3.37282164;29.01089
-3.36782164;28.89797
-3.36282164;29.01089
-3.35782164;28.89797
-3.35282164;29.01089
-3.34782164;28.89797
-3.34282164;29.01089
-3.33782164;28.89797
-3.33282164;29.01089
-3.32782164;28.89797
-3.32282164;29.01089
-3.31782164;28.89797
-3.31282164;29.01089
-3.30782164;27.98852
-3.30282164;29.01089
-3.29782164;27.98852
-3.29282164;29.01089
-3.28782164;27.98852
-3.28282164;27.18589
-3.27782164;27.98852
-3.27282164;28.09839
-3.26782164;27.98852
-3.26282164;27.18589
-3.25782164;27.98852
-3.25282164;27.18589
-3.24782164;27.98852
-3.24282164;27.18589
-3.23782164;27.07907
-3.23282164;27.18589
-3.22782164;27.07907
-3.22282164;27.18589
-3.21782164;27.07907
-3.21282164;27.18589
-3.20782164;27.07907
-3.20282164;27.18589
-3.19782164;26.16962
-3.19282164;27.18589
-3.18782164;27.07907
-3.18282164;27.18589
-3.17782164;26.16962
-3.17282164;27.18589
-3.16782164;26.16962
-3.16282164;26.27033
-3.15782164;26.16962
-3.15282164;26.27033
-3.14782164;26.16962
-3.14282164;26.27033
-3.13782164;25.26017
-3.13282164;25.35783
-3.12782164;25.26017
-3.12282164;25.35783
-3.11782164;25.26017
-3.11282164;25.35783
-3.10782164;25.26017
-3.10282164;25.35783
-3.09782164;25.26017
-3.09282164;25.35783
-3.08782164;25.26017
-3.08282164;25.35783
-3.07782164;25.26017
-3.07282164;25.35783
-3.06782164;25.26017
-3.06282164;25.35783
-3.05782164;25.26017
-3.05282164;25.35783
-3.04782164;25.26017
-3.04282164;25.35783
-3.03782164;24.35072
-3.03282164;24.44533
-3.02782164;24.35072
-3.02282164;24.44533
-3.01782165;24.35072
-3.01282165;24.44533
-3.00782165;24.35072
-3.00282165;23.53282
-2.99782165;24.35072
-2.99282165;23.53282
-2.98782165;23.44127
-2.98282165;24.44533
-2.97782165;23.44127
-2.97282165;23.53282
-2.96782165;23.44127
-2.96282165;23.53282
-2.95782165;23.44127
-2.95282165;23.53282
-2.94782165;23.44127
-2.94282165;23.53282
-2.93782165;23.44127
-2.93282165;23.53282
-2.92782165;23.44127
-2.92282165;23.53282
-2.91782165;23.44127
-2.91282165;22.62032
-2.90782165;22.52876
-2.90282165;23.53282
-2.89782165;22.52876
-2.89282165;23.53282
-2.88782165;22.52876
-2.88282165;22.62032
-2.87782165;22.52876
-2.87282165;22.62032
-2.86782165;21.61931
-2.86282165;21.70782
-2.85782165;22.52876
-2.85282165;22.62032
-2.84782165;21.61931
-2.84282165;22.62032
-2.83782165;21.61931
-2.83282165;21.70782
-2.82782165;21.61931
-2.82282165;21.70782
-2.81782165;21.61931
-2.81282165;21.70782
-2.80782165;21.61931
-2.80282165;21.70782
-2.79782165;21.61931
-2.79282165;21.70782
-2.78782165;21.61931
-2.78282165;21.70782
-2.77782165;21.61931
-2.77282165;21.70782
-2.76782165;21.61931
-2.76282165;21.70782
-2.75782165;21.61931
-2.75282165;21.70782
-2.74782165;20.70986
-2.74282165;20.79531
-2.73782165;21.61931
-2.73282165;20.79531
-2.72782165;20.70986
-2.72282165;19.88281
-2.71782165;20.70986
-2.71282165;20.79531
-2.70782165;20.70986
-2.70282165;20.79531
-2.69782165;20.70986
-2.69282165;19.88281
-2.68782165;20.70986
-2.68282165;19.88281
-2.67782165;20.70986
-2.67282165;19.88281
-2.66782165;19.80041
-2.66282165;19.88281
-2.65782165;19.80041
-2.65282165;19.88281
-2.64782165;19.80041
-2.64282165;19.88281
-2.63782165;19.80041
-2.63282165;19.88281
-2.62782165;19.80041
-2.62282165;19.88281
-2.61782165;19.80041
-2.61282165;19.88281
-2.60782165;18.89096
-2.60282165;19.88281
-2.59782165;18.89096
-2.59282165;19.88281
-2.58782165;18.89096
-2.58282165;19.88281
-2.57782165;18.89096
-2.57282165;18.9703
-2.56782165;19.80041
-2.56282165;18.9703
-2.55782165;18.89096
-2.55282165;18.9703
-2.54782165;18.89096
-2.54282165;18.9703
-2.53782165;17.98151
-2.53282165;18.9703
-2.52782165;18.89096
-2.52282165;18.9703
-2.51782165;17.98151
-2.51282165;18.0578
-2.50782165;17.98151
-2.50282165;18.0578
-2.49782165;17.98151
-2.49282165;18.0578
-2.48782165;17.98151
-2.48282165;18.0578
-2.47782165;17.98151
-2.47282165;18.0578
-2.46782165;17.98151
-2.46282165;18.0578
-2.45782165;17.98151
-2.45282165;18.0578
-2.44782165;17.98151
-2.44282165;18.0578
-2.43782165;17.98151
-2.43282165;18.0578
-2.42782165;17.98151
-2.42282165;18.0578
-2.41782165;17.07205
-2.41282165;17.14225
-2.40782165;17.98151
-2.40282165;17.14225
-2.39782165;17.07205
-2.39282165;17.14225
-2.38782165;17.98151
-2.38282165;17.14225
-2.37782165;17.07205
-2.37282165;17.14225
-2.36782165;17.07205
-2.36282165;16.22974
-2.35782165;17.07205
-2.35282165;16.22974
-2.34782165;17.07205
-2.34282165;16.22974
-2.33782165;17.07205
-2.33282165;16.22974
-2.32782165;17.07205
-2.32282165;16.22974
-2.31782165;17.07205
-2.31282165;16.22974
-2.30782165;16.1626
-2.30282165;16.22974
-2.29782165;16.1626
-2.29282165;16.22974
-2.28782165;16.1626
-2.28282165;16.22974
-2.27782165;16.1626
-2.27282165;16.22974
-2.26782165;16.1626
-2.26282165;16.22974
-2.25782165;15.25315
-2.25282165;16.22974
-2.24782165;16.1626
-2.24282165;16.22974
-2.23782165;16.1626
-2.23282165;14.40474
-2.22782165;15.25315
-2.22282165;15.31724
-2.21782165;16.1626
-2.21282165;16.22974
-2.20782165;15.25315
-2.20282165;14.40474
-2.19782165;15.25315
-2.19282165;16.22974
-2.18782165;16.1626
-2.18282165;15.31724
-2.17782165;14.3437
-2.17282165;14.40474
-2.16782165;14.3437
-2.16282165;16.22974
-2.15782165;16.1626
-2.15282165;15.31724
-2.14782165;14.3437
-2.14282165;14.40474
-2.13782165;15.25315
-2.13282165;15.31724
-2.12782165;15.25315
-2.12282165;14.40474
-2.11782165;13.43425
-2.11282165;14.40474
-2.10782165;15.25315
-2.10282165;15.31724
-2.09782165;14.3437
-2.09282165;12.57973
-2.08782165;13.43425
-2.08282165;14.40474
-2.07782165;15.25315
-2.07282165;14.40474
-2.06782165;13.43425
-2.06282165;12.57973
-2.05782165;14.3437
-2.05282165;14.40474
-2.04782165;14.3437
-2.04282165;13.49223
-2.03782165;13.43425
-2.03282165;13.49223
-2.02782165;14.3437
-2.02282165;14.40474
-2.01782165;13.43425
-2.01282165;12.57973
-2.00782165;13.43425
-2.00282165;13.49223
-1.99782165;14.3437
-1.99282165;14.40474
-1.98782165;13.43425
-1.98282165;12.57973
-1.97782165;13.43425
-1.97282165;14.40474
-1.96782165;14.3437
-1.96282165;12.57973
-1.95782165;12.52174
-1.95282165;12.57973
-1.94782165;13.43425
-1.94282165;13.49223
-1.93782165;13.43425
-1.93282165;12.57973
-1.92782165;11.61229
-1.92282165;12.57973
-1.91782165;13.43425
-1.91282165;13.49223
-1.90782165;13.43425
-1.90282165;11.66723
-1.89782165;11.61229
-1.89282165;12.57973
-1.88782165;12.52174
-1.88282165;12.57973
-1.87782165;11.61229
-1.87282165;11.66723
-1.86782165;11.61229
-1.86282165;12.57973
-1.85782165;12.52174
-1.85282165;12.57973
-1.84782165;11.61229
-1.84282165;10.75472
-1.83782165;11.61229
-1.83282165;12.57973
-1.82782165;11.61229
-1.82282165;10.75472
-1.81782165;10.70284
-1.81282165;10.75472
-1.80782165;11.61229
-1.80282165;11.66723
-1.79782165;10.70284
-1.79282165;10.75472
-1.78782165;10.70284
-1.78282165;10.75472
-1.77782165;11.61229
-1.77282165;11.66723
-1.76782165;10.70284
-1.76282165;10.75472
-1.75782165;10.70284
-1.75282165;10.75472
-1.74782165;11.61229
-1.74282165;10.75472
-1.73782165;10.70284
-1.73282165;9.842219
-1.72782165;10.70284
-1.72282165;10.75472
-1.71782165;10.70284
-1.71282165;10.75472
-1.70782165;10.70284
-1.70282165;10.75472
-1.69782165;10.70284
-1.69282165;10.75472
-1.68782165;10.70284
-1.68282165;9.842219
-1.67782165;9.793389
-1.67282165;9.842219
-1.66782165;10.70284
-1.66282165;10.75472
-1.65782165;10.70284
-1.65282165;9.842219
-1.64782165;9.793389
-1.64282165;10.75472
-1.63782165;10.70284
-1.63282165;10.75472
-1.62782165;10.70284
-1.62282165;9.842219
-1.61782165;9.793389
-1.61282165;9.842219
-1.60782165;10.70284
-1.60282165;9.842219
-1.59782165;9.793389
-1.59282165;9.842219
-1.58782165;9.793389
-1.58282165;9.842219
-1.57782165;9.793389
-1.57282165;9.842219
-1.56782165;9.793389
-1.56282165;9.842219
-1.55782165;9.793389
-1.55282165;8.929716
-1.54782165;9.793389
-1.54282165;8.929716
-1.53782165;8.883938
-1.53282165;8.929716
-1.52782165;8.883938
-1.52282165;8.929716
-1.51782165;9.793389
-1.51282165;8.929716
-1.50782165;8.883938
-1.50282165;8.929716
-1.49782165;8.883938
-1.49282165;8.929716
-1.48782165;8.883938
-1.48282165;8.929716
-1.47782165;8.883938
-1.47282165;8.929716
-1.46782165;8.883938
-1.46282165;8.929716
-1.45782165;8.883938
-1.45282165;8.017212
-1.44782165;8.883938
-1.44282165;8.929716
-1.43782165;8.883938
-1.43282165;8.929716
-1.42782165;8.883938
-1.42282165;8.929716
-1.41782165;7.974486
-1.41282165;8.929716
-1.40782165;8.883938
-1.40282165;8.929716
-1.39782165;7.974486
-1.39282165;8.017212
-1.38782165;7.065034
-1.38282165;8.017212
-1.37782165;7.974486
-1.37282166;8.017212
-1.36782166;7.065034
-1.36282166;7.101657
-1.35782166;7.974486
-1.35282166;8.017212
-1.34782166;7.065034
-1.34282166;7.101657
-1.33782166;7.065034
-1.33282166;7.101657
-1.32782166;7.065034
-1.32282166;7.101657
-1.31782166;7.065034
-1.31282166;7.101657
-1.30782166;7.065034
-1.30282166;7.101657
-1.29782166;7.065034
-1.29282166;7.101657
-1.28782166;7.065034
-1.28282166;7.101657
-1.27782166;7.065034
-1.27282166;7.101657
-1.26782166;7.065034
-1.26282166;7.101657
-1.25782166;7.065034
-1.25282166;7.101657
-1.24782166;7.065034
-1.24282166;7.101657
-1.23782166;7.065034
-1.23282166;7.101657
-1.22782166;7.065034
-1.22282166;7.101657
-1.21782166;7.065034
-1.21282166;7.101657
-1.20782166;7.065034
-1.20282166;7.101657
-1.19782166;7.065034
-1.19282166;7.101657
-1.18782166;7.065034
-1.18282166;7.101657
-1.17782166;6.155583
-1.17282166;6.189154
-1.16782166;6.155583
-1.16282166;6.189154
-1.15782166;6.155583
-1.15282166;6.189154
-1.14782166;6.155583
-1.14282166;6.189154
-1.13782166;6.155583
-1.13282166;6.189154
-1.12782166;6.155583
-1.12282166;6.189154
-1.11782166;6.155583
-1.11282166;6.189154
-1.10782166;6.155583
-1.10282166;5.27665
-1.09782166;5.246131
-1.09282166;6.189154
-1.08782166;6.155583
-1.08282166;5.27665
-1.07782166;6.155583
-1.07282166;5.27665
-1.06782166;6.155583
-1.06282166;5.27665
-1.05782166;5.246131
-1.05282166;5.27665
-1.04782166;5.246131
-1.04282166;5.27665
-1.03782166;4.33668
-1.03282166;5.27665
-1.02782166;5.246131
-1.02282166;5.27665
-1.01782166;5.246131
-1.01282166;5.27665
-1.00782166;5.246131
-1.00282166;5.27665
-0.99782166;5.246131
-0.99282166;5.27665
-0.98782166;5.246131
-0.98282166;5.27665
-0.97782166;5.246131
-0.97282166;5.27665
-0.96782166;4.33668
-0.96282166;5.27665
-0.95782166;4.33668
-0.95282166;5.27665
-0.94782166;4.33668
-0.94282166;5.27665
-0.93782166;4.33668
-0.93282166;5.27665
-0.92782166;4.33668
-0.92282166;5.27665
-0.91782166;4.33668
-0.91282166;4.364147
-0.90782166;4.33668
-0.90282166;4.364147
-0.89782166;4.33668
-0.89282166;4.364147
-0.88782166;4.33668
-0.88282166;4.364147
-0.87782166;4.33668
-0.87282166;4.364147
-0.86782166;3.427228
-0.86282166;3.451643
-0.85782166;3.427228
-0.85282166;3.451643
-0.84782166;3.427228
-0.84282166;4.364147
-0.83782166;4.33668
-0.83282166;3.451643
-0.82782166;4.33668
-0.82282166;4.364147
-0.81782166;3.427228
-0.81282166;3.451643
-0.80782166;3.427228
-0.80282166;3.451643
-0.79782166;3.427228
-0.79282166;3.451643
-0.78782166;3.427228
-0.78282166;3.451643
-0.77782166;3.427228
-0.77282166;3.451643
-0.76782166;3.427228
-0.76282166;3.451643
-0.75782166;3.427228
-0.75282166;3.451643
-0.74782166;3.427228
-0.74282166;3.451643
-0.73782166;3.427228
-0.73282166;3.451643
-0.72782166;3.427228
-0.72282166;3.451643
-0.71782166;3.427228
-0.71282166;3.451643
-0.70782166;3.427228
-0.70282166;3.451643
-0.69782166;3.427228
-0.69282166;3.451643
-0.68782166;3.427228
-0.68282166;3.451643
-0.67782166;3.427228
-0.67282166;2.53914
-0.66782166;3.427228
-0.66282166;3.451643
-0.65782166;3.427228
-0.65282166;3.451643
-0.64782166;2.517777
-0.64282166;2.53914
-0.63782166;2.517777
-0.63282166;2.53914
-0.62782166;2.517777
-0.62282166;2.53914
-0.61782166;2.517777
-0.61282166;2.53914
-0.60782166;2.517777
-0.60282166;2.53914
-0.59782166;3.427228
-0.59282166;1.626637
-0.58782166;2.517777
-0.58282166;2.53914
-0.57782166;2.517777
-0.57282166;1.626637
-0.56782166;2.517777
-0.56282166;2.53914
-0.55782166;2.517777
-0.55282166;1.626637
-0.54782166;2.517777
-0.54282166;1.626637
-0.53782166;2.517777
-0.53282166;1.626637
-0.52782166;2.517777
-0.52282166;1.626637
-0.51782166;2.517777
-0.51282166;1.626637
-0.50782166;2.517777
-0.50282166;1.626637
-0.49782166;1.608325
-0.49282166;1.626637
-0.48782166;1.608325
-0.48282166;1.626637
-0.47782166;1.608325
-0.47282166;1.626637
-0.46782166;1.608325
-0.46282166;1.626637
-0.45782166;1.608325
-0.45282166;1.626637
-0.44782166;1.608325
-0.44282166;1.626637
-0.43782166;1.608325
-0.43282166;1.626637
-0.42782166;1.608325
-0.42282166;1.626637
-0.41782166;1.608325
-0.41282166;1.626637
-0.40782166;0.6988738
-0.40282166;1.626637
-0.39782166;0.6988738
-0.39282166;1.626637
-0.38782166;1.608325
-0.38282166;1.626637
-0.37782166;1.608325
-0.37282166;0.7141331
-0.36782166;1.608325
-0.36282166;1.626637
-0.35782166;0.6988738
-0.35282166;0.7141331
-0.34782166;0.6988738
-0.34282166;0.7141331
-0.33782166;0.6988738
-0.33282166;1.626637
-0.32782166;0.6988738
-0.32282166;0.7141331
-0.31782166;0.6988738
-0.31282166;0.7141331
-0.30782166;0.6988738
-0.30282166;0.7141331
-0.29782166;0.6988738
-0.29282166;0.7141331
-0.28782166;0.6988738
-0.28282166;0.7141331
-0.27782166;0.6988738
-0.27282166;0.7141331
-0.26782166;0.6988738
-0.26282166;-0.1983703
-0.25782166;-0.2105777
-0.25282166;-0.1983703
-0.24782166;0.6988738
-0.24282166;0.7141331
-0.23782166;-0.2105777
-0.23282166;-0.1983703
-0.22782166;-0.2105777
-0.22282166;-0.1983703
-0.21782166;0.6988738
-0.21282166;-0.1983703
-0.20782166;-0.2105777
-0.20282166;-0.1983703
-0.19782166;-0.2105777
-0.19282166;-0.1983703
-0.18782166;-0.2105777
-0.18282166;-0.1983703
-0.17782166;-0.2105777
-0.17282166;-0.1983703
-0.16782166;-0.2105777
-0.16282166;-0.1983703
-0.15782166;-0.2105777
-0.15282166;-0.1983703
-0.14782166;-0.2105777
-0.14282166;-0.1983703
-0.13782166;-0.2105777
-0.13282166;-0.1983703
-0.12782166;-0.2105777
-0.12282166;-0.1983703
-0.11782166;-0.2105777
-0.11282166;-0.1983703
-0.10782166;-0.2105777
-0.10282166;-0.1983703
-0.09782166;-0.2105777
-0.09282166;-0.1983703
-0.08782166;2.517777
-0.08282166;5.27665
-0.07782166;8.883938
-0.07282166;10.75472
-0.06782166;14.3437
-0.06282166;18.0578
-0.05782166;20.70986
-0.05282166;23.53282
-0.04782166;25.26017
-0.04282166;29.01089
-0.03782166;32.53883
-0.03282166;36.31092
-0.02782166;37.99554
-0.02282166;40.87649
-0.01782166;43.4553
-0.01282166;47.26707
-0.00782166;49.82146
-0.00282166;52.74209
0.00217834;55.28123
0.00717834;58.22016
0.01217834;61.65044
0.01717834;65.52019
0.02217834;68.0166
0.02717834;70.08575
0.03217834;72.56691
0.03717834;75.56078
0.04217834;78.93307
0.04717834;81.95135
0.05217834;83.48338
0.05717834;83.77636
0.06217834;83.48338
0.06717834;83.77636
0.07217834;83.48338
0.07717834;82.86385
0.08217834;81.66447
0.08717834;82.86385
0.09217834;82.57393
0.09717834;83.77636
0.10217834;81.66447
0.10717834;81.03884
0.11217834;80.75198
0.11717834;81.95135
0.12217834;81.66447
0.12717834;81.95135
0.13217834;79.84252
0.13717834;81.03884
0.14217834;80.75198
0.14717834;81.03884
0.15217834;80.75198
0.15717834;80.12634
0.16217834;79.84252
0.16717834;80.12634
0.17217834;79.84252
0.17717834;80.12634
0.18217834;79.84252
0.18717834;80.12634
0.19217834;79.84252
0.19717834;80.12634
0.20217834;79.84252
0.20717834;79.21384
0.21217834;78.93307
0.21717834;79.21384
0.22217834;78.93307
0.22717834;78.30134
0.23217834;78.93307
0.23717834;78.30134
0.24217834;78.02361
0.24717834;78.30134
0.25217834;78.02361
0.25717834;78.30134
0.26217834;78.02361
0.26717834;78.30134
0.27217833;77.11417
0.27717833;77.38883
0.28217833;76.20471
0.28717833;76.47633
0.29217833;76.20471
0.29717833;76.47633
0.30217833;76.20471
0.30717833;76.47633
0.31217833;76.20471
0.31717833;76.47633
0.32217833;76.20471
0.32717833;75.56078
0.33217833;76.20471
0.33717833;75.56078
0.34217833;75.29527
0.34717833;74.64827
0.35217833;75.29527
0.35717833;74.64827
0.36217833;74.38581
0.36717833;74.64827
0.37217833;74.38581
0.37717833;74.64827
0.38217833;74.38581
0.38717833;74.64827
0.39217833;74.38581
0.39717833;73.73577
0.40217833;73.47636
0.40717833;73.73577
0.41217833;73.47636
0.41717833;72.82327
0.42217833;72.56691
0.42717833;72.82327
0.43217833;72.56691
0.43717833;72.82327
0.44217833;72.56691
0.44717833;72.82327
0.45217833;72.56691
0.45717833;71.91076
0.46217833;71.65746
0.46717833;71.91076
0.47217833;71.65746
0.47717833;70.99825
0.48217833;71.65746
0.48717833;70.99825
0.49217833;70.74496
0.49717833;70.99825
0.50217833;70.74496
0.50717833;70.99825
0.51217833;70.74496
0.51717833;70.99825
0.52217833;69.8355
0.52717833;70.08575
0.53217833;69.8355
0.53717833;70.08575
0.54217833;69.8355
0.54717833;69.17325
0.55217833;69.8355
0.55717833;69.17325
0.56217833;68.92605
0.56717833;69.17325
0.57217833;68.92605
0.57717833;69.17325
0.58217833;68.92605
0.58717833;68.26075
0.59217833;68.0166
0.59717833;68.26075
0.60217833;68.0166
0.60717833;68.26075
0.61217833;68.0166
0.61717833;67.34824
0.62217833;67.10715
0.62717833;67.34824
0.63217833;68.0166
0.63717833;67.34824
0.64217833;67.10715
0.64717833;67.34824
0.65217833;67.10715
0.65717833;67.34824
0.66217833;66.1977
0.66717833;66.43575
0.67217833;66.1977
0.67717833;65.52019
0.68217833;65.28824
0.68717833;65.52019
0.69217833;65.28824
0.69717833;65.52019
0.70217833;65.28824
0.70717833;65.52019
0.71217833;65.28824
0.71717833;65.52019
0.72217833;65.28824
0.72717833;65.52019
0.73217833;65.28824
0.73717833;65.52019
0.74217833;64.37879
0.74717833;64.60768
0.75217833;64.37879
0.75717833;64.60768
0.76217833;64.37879
0.76717833;63.69518
0.77217833;64.37879
0.77717833;63.69518
0.78217833;62.55989
0.78717833;63.69518
0.79217833;63.46934
0.79717833;63.69518
0.80217833;63.46934
0.80717833;62.78267
0.81217833;62.55989
0.81717833;62.78267
0.82217833;62.55989
0.82717833;62.78267
0.83217833;61.65044
0.83717833;62.78267
0.84217833;61.65044
0.84717833;61.87017
0.85217833;61.65044
0.85717833;61.87017
0.86217833;61.65044
0.86717833;61.87017
0.87217833;61.65044
0.87717833;60.95767
0.88217833;61.65044
0.88717833;60.95767
0.89217833;61.65044
0.89717833;60.95767
0.90217833;60.73793
0.90717833;60.04517
0.91217833;60.73793
0.91717833;60.04517
0.92217833;59.82848
0.92717833;60.04517
0.93217833;59.82848
0.93717833;60.04517
0.94217833;59.82848
0.94717833;60.04517
0.95217833;59.82848
0.95717833;60.04517
0.96217833;59.82848
0.96717833;59.13266
0.97217833;58.91903
0.97717833;59.13266
0.98217833;58.91903
0.98717833;58.22016
0.99217833;58.91903
0.99717833;58.22016
1.00217833;58.00958
1.00717833;58.22016
1.01217833;58.00958
1.01717833;58.22016
1.02217833;58.00958
1.02717833;58.22016
1.03217833;58.00958
1.03717833;57.30765
1.04217833;58.00958
1.04717833;58.22016
1.05217833;57.10013
1.05717833;57.30765
1.06217833;57.10013
1.06717833;57.30765
1.07217833;57.10013
1.07717833;56.39515
1.08217833;57.10013
1.08717833;56.39515
1.09217833;56.19068
1.09717833;56.39515
1.10217833;56.19068
1.10717833;56.39515
1.11217833;56.19068
1.11717833;56.39515
1.12217833;56.19068
1.12717833;55.4796
1.13217833;56.19068
1.13717833;56.39515
1.14217833;55.28123
1.14717833;55.4796
1.15217833;55.28123
1.15717833;54.56709
1.16217833;54.37177
1.16717833;55.4796
1.17217833;54.37177
1.17717833;54.56709
1.18217833;54.37177
1.18717833;54.56709
1.19217833;54.37177
1.19717833;54.56709
1.20217833;54.37177
1.20717833;54.56709
1.21217833;53.46232
1.21717833;53.65459
1.22217833;53.46232
1.22717833;53.65459
1.23217833;53.46232
1.23717833;52.74209
1.24217833;52.55287
1.24717833;53.65459
1.25217833;52.55287
1.25717833;52.74209
1.26217833;52.55287
1.26717833;52.74209
1.27217833;52.55287
1.27717833;51.82958
1.28217833;51.64037
1.28717833;52.74209
1.29217833;52.55287
1.29717833;51.82958
1.30217833;51.64037
1.30717833;51.82958
1.31217833;50.73092
1.31717833;50.91708
1.32217833;50.73092
1.32717833;50.91708
1.33217833;50.73092
1.33717833;50.91708
1.34217833;50.73092
1.34717833;50.91708
1.35217833;50.73092
1.35717833;50.91708
1.36217833;50.73092
1.36717833;50.91708
1.37217833;50.73092
1.37717833;50.91708
1.38217833;50.73092
1.38717833;50.91708
1.39217833;50.73092
1.39717833;50.00458
1.40217833;49.82146
1.40717833;50.00458
1.41217833;49.82146
1.41717833;49.09208
1.42217833;49.82146
1.42717833;49.09208
1.43217833;49.82146
1.43717833;49.09208
1.44217833;48.91201
1.44717833;49.09208
1.45217833;48.91201
1.45717833;49.09208
1.46217833;48.00256
1.46717833;49.09208
1.47217833;48.91201
1.47717833;49.09208
1.48217833;48.91201
1.48717833;48.17957
1.49217833;48.00256
1.49717833;48.17957
1.50217833;47.09311
1.50717833;47.26707
1.51217833;47.09311
1.51717833;47.26707
1.52217833;47.09311
1.52717833;47.26707
1.53217833;47.09311
1.53717833;47.26707
1.54217833;47.09311
1.54717833;47.26707
1.55217833;47.09311
1.55717833;47.26707
1.56217833;47.09311
1.56717833;47.26707
1.57217833;47.09311
1.57717833;47.26707
1.58217833;46.18366
1.58717833;45.43901
1.59217833;46.18366
1.59717833;46.35151
1.60217833;46.18366
1.60717833;45.43901
1.61217833;45.27421
1.61717833;45.43901
1.62217833;45.27421
1.62717833;45.43901
1.63217833;45.27421
1.63717833;45.43901
1.64217833;45.27421
1.64717833;45.43901
1.65217833;45.27421
1.65717833;45.43901
1.66217833;44.36475
1.66717833;45.43901
1.67217833;44.36475
1.67717833;44.5265
1.68217833;44.36475
1.68717833;44.5265
1.69217833;44.36475
1.69717833;44.5265
1.70217833;43.4553
1.70717833;43.614
1.71217833;43.4553
1.71717833;43.614
1.72217833;43.4553
1.72717833;43.614
1.73217833;43.4553
1.73717833;43.614
1.74217833;43.4553
1.74717833;43.614
1.75217833;43.4553
1.75717833;43.614
1.76217833;42.54585
1.76717833;42.7015
1.77217833;42.54585
1.77717833;42.7015
1.78217833;42.54585
1.78717833;41.78899
1.79217833;42.54585
1.79717833;41.78899
1.80217833;41.63335
1.80717833;41.78899
1.81217833;42.54585
1.81717833;41.78899
1.82217833;41.63335
1.82717833;41.78899
1.83217833;41.63335
1.83717833;41.78899
1.84217833;41.63335
1.84717833;40.87649
1.85217833;40.7239
1.85717833;41.78899
1.86217833;41.63335
1.86717833;40.87649
1.87217833;40.7239
1.87717833;40.87649
1.88217833;40.7239
1.88717833;40.87649
1.89217833;40.7239
1.89717833;40.87649
1.90217833;40.7239
1.90717833;39.96399
1.91217833;39.81445
1.91717832;39.96399
1.92217832;39.81445
1.92717832;39.96399
1.93217832;39.81445
1.93717832;39.96399
1.94217832;39.81445
1.94717832;39.96399
1.95217832;39.81445
1.95717832;39.05148
1.96217832;39.81445
1.96717832;39.05148
1.97217832;39.81445
1.97717832;39.05148
1.98217832;38.90499
1.98717832;39.05148
1.99217832;38.90499
1.99717832;38.13898
2.00217832;38.90499
2.00717832;39.05148
2.01217832;38.90499
2.01717832;38.13898
2.02217832;37.99554
2.02717832;38.13898
2.03217832;37.99554
2.03717832;38.13898
2.04217832;37.99554
2.04717832;38.13898
2.05217832;37.99554
2.05717832;38.13898
2.06217832;37.99554
2.06717832;38.13898
2.07217832;37.99554
2.07717832;37.22648
2.08217832;37.08609
2.08717832;37.22648
2.09217832;37.08609
2.09717832;36.31092
2.10217832;37.08609
2.10717832;37.22648
2.11217832;36.17664
2.11717832;36.31092
2.12217832;36.17664
2.12717832;36.31092
2.13217832;36.17664
2.13717832;36.31092
2.14217832;36.17664
2.14717832;36.31092
2.15217832;36.17664
2.15717832;36.31092
2.16217832;36.17664
2.16717832;36.31092
2.17217832;36.17664
2.17717832;36.31092
2.18217832;35.26719
2.18717832;36.31092
2.19217832;35.26719
2.19717832;36.31092
2.20217832;35.26719
2.20717832;35.39842
2.21217832;35.26719
2.21717832;34.48592
2.22217832;35.26719
2.22717832;34.48592
2.23217832;35.26719
2.23717832;34.48592
2.24217832;35.26719
2.24717832;34.48592
2.25217832;34.35773
2.25717832;34.48592
2.26217832;34.35773
2.26717832;34.48592
2.27217832;33.44828
2.27717832;34.48592
2.28217832;34.35773
2.28717832;34.48592
2.29217832;33.44828
2.29717832;34.48592
2.30217832;33.44828
2.30717832;34.48592
2.31217832;33.44828
2.31717832;33.57341
2.32217832;33.44828
2.32717832;33.57341
2.33217832;32.53883
2.33717832;32.66091
2.34217832;33.44828
2.34717832;32.66091
2.35217832;32.53883
2.35717832;32.66091
2.36217832;32.53883
2.36717832;32.66091
2.37217832;32.53883
2.37717832;32.66091
2.38217832;32.53883
2.38717832;32.66091
2.39217832;32.53883
2.39717832;31.74841
2.40217832;32.53883
2.40717832;32.66091
2.41217832;32.53883
2.41717832;31.74841
2.42217832;32.53883
2.42717832;32.66091
2.43217832;31.62633
2.43717832;31.74841
2.44217832;31.62633
2.44717832;30.8359
2.45217832;31.62633
2.45717832;31.74841
2.46217832;31.62633
2.46717832;30.8359
2.47217832;31.62633
2.47717832;31.74841
2.48217832;31.62633
2.48717832;30.8359
2.49217832;30.71688
2.49717832;30.8359
2.50217832;30.71688
2.50717832;30.8359
2.51217832;30.71688
2.51717832;30.8359
2.52217832;30.71688
2.52717832;30.8359
2.53217832;30.71688
2.53717832;30.8359
2.54217832;30.71688
2.54717832;29.9234
2.55217832;29.80743
2.55717832;29.9234
2.56217832;30.71688
2.56717832;29.9234
2.57217832;28.89797
2.57717832;29.9234
2.58217832;29.80743
2.58717832;29.9234
2.59217832;29.80743
2.59717832;29.01089
2.60217832;28.89797
2.60717832;29.01089
2.61217832;28.89797
2.61717832;29.01089
2.62217832;28.89797
2.62717832;29.01089
2.63217832;28.89797
2.63717832;29.01089
2.64217832;28.89797
2.64717832;29.01089
2.65217832;28.89797
2.65717832;29.01089
2.66217832;28.89797
2.66717832;29.01089
2.67217832;27.98852
2.67717832;29.01089
2.68217832;28.89797
2.68717832;28.09839
2.69217832;27.98852
2.69717832;28.09839
2.70217832;27.98852
2.70717832;27.18589
2.71217832;27.98852
2.71717832;27.18589
2.72217832;27.98852
2.72717832;27.18589
2.73217832;27.98852
2.73717832;27.18589
2.74217832;27.98852
2.74717832;27.18589
2.75217832;27.07907
2.75717832;27.18589
2.76217832;27.07907
2.76717832;27.18589
2.77217832;27.07907
2.77717832;27.18589
2.78217832;27.07907
2.78717832;27.18589
2.79217832;27.07907
2.79717832;27.18589
2.80217832;27.07907
2.80717832;27.18589
2.81217832;26.16962
2.81717832;26.27033
2.82217832;26.16962
2.82717832;26.27033
2.83217832;26.16962
2.83717832;26.27033
2.84217832;25.26017
2.84717832;25.35783
2.85217832;25.26017
2.85717832;26.27033
2.86217832;25.26017
2.86717832;26.27033
2.87217832;25.26017
2.87717832;25.35783
2.88217832;25.26017
2.88717832;25.35783
2.89217832;25.26017
2.89717832;25.35783
2.90217832;25.26017
2.90717832;25.35783
2.91217832;25.26017
2.91717832;25.35783
2.92217832;25.26017
2.92717832;25.35783
2.93217832;25.26017
2.93717832;25.35783
2.94217832;25.26017
2.94717832;25.35783
2.95217832;24.35072
2.95717832;25.35783
2.96217832;24.35072
2.96717832;25.35783
2.97217832;23.44127
2.97717832;24.44533
2.98217832;24.35072
2.98717832;24.44533
2.99217832;23.44127
2.99717832;24.44533
3.00217832;23.44127
3.00717832;23.53282
3.01217832;23.44127
3.01717832;23.53282
3.02217832;23.44127
3.02717832;23.53282
3.03217832;23.44127
3.03717832;23.53282
3.04217832;23.44127
3.04717832;23.53282
3.05217832;23.44127
3.05717832;23.53282
3.06217832;23.44127
3.06717832;23.53282
3.07217832;22.52876
3.07717832;22.62032
3.08217832;22.52876
3.08717832;22.62032
3.09217832;22.52876
3.09717832;22.62032
3.10217832;22.52876
3.10717832;22.62032
3.11217832;22.52876
3.11717832;22.62032
3.12217832;22.52876
3.12717832;22.62032
3.13217832;22.52876
3.13717832;21.70782
3.14217832;21.61931
3.14717832;22.62032
3.15217832;21.61931
3.15717832;21.70782
3.16217832;21.61931
3.16717832;21.70782
3.17217832;21.61931
3.17717832;21.70782
3.18217832;21.61931
3.18717832;21.70782
3.19217832;21.61931
3.19717832;21.70782
3.20217832;21.61931
3.20717832;21.70782
3.21217832;21.61931
3.21717832;21.70782
3.22217832;21.61931
3.22717832;21.70782
3.23217832;21.61931
3.23717832;21.70782
3.24217832;21.61931
3.24717832;21.70782
3.25217832;20.70986
3.25717832;20.79531
3.26217832;20.70986
3.26717832;20.79531
3.27217832;20.70986
3.27717832;20.79531
3.28217832;20.70986
3.28717832;19.88281
3.29217832;20.70986
3.29717832;20.79531
3.30217832;20.70986
3.30717832;19.88281
3.31217832;19.80041
3.31717832;19.88281
3.32217832;19.80041
3.32717832;19.88281
3.33217832;20.70986
3.33717832;19.88281
3.34217832;19.80041
3.34717832;19.88281
3.35217832;18.89096
3.35717832;19.88281
3.36217832;19.80041
3.36717832;19.88281
3.37217832;18.89096
3.37717832;19.88281
3.38217832;18.89096
3.38717832;19.88281
3.39217832;19.80041
3.39717832;19.88281
3.40217832;18.89096
3.40717832;18.9703
3.41217832;19.80041
3.41717832;19.88281
3.42217832;18.89096
3.42717832;18.9703
3.43217832;18.89096
3.43717832;18.9703
3.44217832;17.98151
3.44717832;18.0578
3.45217832;17.98151
3.45717832;19.88281
3.46217832;18.89096
3.46717832;18.9703
3.47217832;17.98151
3.47717832;18.0578
3.48217832;18.89096
3.48717832;18.9703
3.49217832;17.98151
3.49717832;18.0578
3.50217832;17.98151
3.50717832;18.0578
3.51217832;17.98151
3.51717832;18.0578
3.52217832;17.98151
3.52717832;18.0578
3.53217832;17.98151
3.53717832;18.0578
3.54217832;17.98151
3.54717832;18.0578
3.55217832;17.98151
3.55717832;18.0578
3.56217831;17.07205
3.56717831;17.14225
3.57217831;17.07205
3.57717831;18.0578
3.58217831;17.98151
3.58717831;17.14225
3.59217831;17.98151
3.59717831;17.14225
3.60217831;17.07205
3.60717831;17.14225
3.61217831;17.98151
3.61717831;17.14225
3.62217831;17.07205
3.62717831;17.14225
3.63217831;17.07205
3.63717831;17.14225
3.64217831;17.07205
3.64717831;16.22974
3.65217831;16.1626
3.65717831;16.22974
3.66217831;17.07205
3.66717831;16.22974
3.67217831;17.07205
3.67717831;16.22974
3.68217831;16.1626
3.68717831;16.22974
3.69217831;17.07205
3.69717831;16.22974
3.70217831;16.1626
3.70717831;16.22974
3.71217831;16.1626
3.71717831;16.22974
3.72217831;16.1626
3.72717831;16.22974
3.73217831;16.1626
3.73717831;16.22974
3.74217831;15.25315
3.74717831;16.22974
3.75217831;15.25315
3.75717831;15.31724
3.76217831;15.25315
3.76717831;15.31724
3.77217831;15.25315
3.77717831;16.22974
3.78217831;16.1626
3.78717831;14.40474
3.79217831;14.3437
3.79717831;15.31724
3.80217831;15.25315
3.80717831;15.31724
3.81217831;15.25315
3.81717831;14.40474
3.82217831;14.3437
3.82717831;15.31724
3.83217831;15.25315
3.83717831;14.40474
3.84217831;14.3437
3.84717831;14.40474
3.85217831;14.3437
3.85717831;15.31724
3.86217831;14.3437
3.86717831;14.40474
3.87217831;14.3437
3.87717831;14.40474
3.88217831;14.3437
3.88717831;14.40474
3.89217831;14.3437
3.89717831;14.40474
3.90217831;14.3437
3.90717831;14.40474
3.91217831;14.3437
3.91717831;14.40474
3.92217831;14.3437
3.92717831;14.40474
3.93217831;14.3437
3.93717831;14.40474
3.94217831;14.3437
3.94717831;13.49223
3.95217831;13.43425
3.95717831;12.57973
3.96217831;13.43425
3.96717831;13.49223
3.97217831;13.43425
3.97717831;12.57973
3.98217831;14.3437
3.98717831;12.57973
3.99217831;14.3437
3.99717831;13.49223
4.00217831;13.43425
4.00717831;12.57973
4.01217831;13.43425
4.01717831;12.57973
4.02217831;12.52174
4.02717831;12.57973
4.03217831;13.43425
4.03717831;12.57973
4.04217831;13.43425
4.04717831;12.57973
4.05217831;13.43425
4.05717831;12.57973
4.06217831;12.52174
4.06717831;12.57973
4.07217831;12.52174
4.07717831;12.57973
4.08217831;11.61229
4.08717831;12.57973
4.09217831;12.52174
4.09717831;12.57973
4.10217831;12.52174
4.10717831;12.57973
4.11217831;12.52174
4.11717831;12.57973
4.12217831;12.52174
4.12717831;12.57973
4.13217831;11.61229
4.13717831;11.66723
4.14217831;11.61229
4.14717831;11.66723
4.15217831;11.61229
4.15717831;11.66723
4.16217831;11.61229
4.16717831;11.66723
4.17217831;11.61229
4.17717831;11.66723
4.18217831;11.61229
4.18717831;11.66723
4.19217831;10.70284
4.19717831;10.75472
4.20217831;10.70284
4.20717831;10.75472
4.21217831;10.70284
4.21717831;11.66723
4.22217831;10.70284
4.22717831;10.75472
4.23217831;10.70284
4.23717831;10.75472
4.24217831;10.70284
4.24717831;10.75472
4.25217831;10.70284
4.25717831;10.75472
4.26217831;10.70284
4.26717831;10.75472
4.27217831;10.70284
4.27717831;10.75472
4.28217831;10.70284
4.28717831;10.75472
4.29217831;10.70284
4.29717831;10.75472
4.30217831;10.70284
4.30717831;10.75472
4.31217831;10.70284
4.31717831;9.842219
4.32217831;10.70284
4.32717831;9.842219
4.33217831;10.70284
4.33717831;9.842219
4.34217831;9.793389
4.34717831;10.75472
4.35217831;10.70284
4.35717831;9.842219
4.36217831;10.70284
4.36717831;9.842219
4.37217831;9.793389
4.37717831;9.842219
4.38217831;9.793389
4.38717831;9.842219
4.39217831;9.793389
4.39717831;9.842219
4.40217831;9.793389
4.40717831;8.929716
4.41217831;9.793389
4.41717831;8.929716
4.42217831;9.793389
4.42717831;8.929716
4.43217831;9.793389
4.43717831;8.929716
4.44217831;8.883938
4.44717831;8.929716
4.45217831;8.883938
4.45717831;8.929716
4.46217831;8.883938
4.46717831;8.929716
4.47217831;9.793389
4.47717831;8.929716
4.48217831;9.793389
4.48717831;8.929716
4.49217831;9.793389
4.49717831;8.929716
4.50217831;8.883938
4.50717831;8.929716
4.51217831;8.883938
4.51717831;8.929716
4.52217831;8.883938
4.52717831;8.929716
4.53217831;8.883938
4.53717831;8.929716
4.54217831;8.883938
4.54717831;8.929716
4.55217831;8.883938
4.55717831;8.017212
4.56217831;8.883938
4.56717831;8.929716
4.57217831;7.974486
4.57717831;8.017212
4.58217831;7.974486
4.58717831;8.017212
4.59217831;7.974486
4.59717831;8.017212
4.60217831;7.065034
4.60717831;8.017212
4.61217831;7.065034
4.61717831;8.017212
4.62217831;7.065034
4.62717831;8.017212
4.63217831;7.065034
4.63717831;7.101657
4.64217831;7.065034
4.64717831;8.017212
4.65217831;7.065034
4.65717831;8.017212
4.66217831;7.065034
4.66717831;7.101657
4.67217831;7.065034
4.67717831;7.101657
4.68217831;7.065034
4.68717831;8.017212
4.69217831;7.065034
4.69717831;7.101657
4.70217831;7.065034
4.70717831;7.101657
4.71217831;7.065034
4.71717831;7.101657
4.72217831;7.065034
4.72717831;7.101657
4.73217831;7.065034
4.73717831;7.101657
4.74217831;7.065034
4.74717831;7.101657
4.75217831;7.065034
4.75717831;7.101657
4.76217831;7.065034
4.76717831;7.101657
4.77217831;7.065034
4.77717831;7.101657
4.78217831;7.065034
4.78717831;7.101657
4.79217831;7.065034
4.79717831;7.101657
4.80217831;6.155583
4.80717831;7.101657
4.81217831;6.155583
4.81717831;7.101657
4.82217831;6.155583
4.82717831;6.189154
4.83217831;6.155583
4.83717831;7.101657
4.84217831;6.155583
4.84717831;6.189154
4.85217831;6.155583
4.85717831;6.189154
4.86217831;6.155583
4.86717831;6.189154
4.87217831;6.155583
4.87717831;6.189154
4.88217831;6.155583
4.88717831;6.189154
4.89217831;6.155583
4.89717831;5.27665
4.90217831;6.155583
4.90717831;5.27665
4.91217831;6.155583
4.91717831;6.189154
4.92217831;5.246131
4.92717831;5.27665
4.93217831;6.155583
4.93717831;5.27665
4.94217831;6.155583
4.94717831;5.27665
4.95217831;5.246131
4.95717831;5.27665
4.96217831;5.246131
4.96717831;5.27665
4.97217831;5.246131
4.97717831;5.27665
4.98217831;5.246131
4.98717831;5.27665
4.99217831;5.246131
4.99717831;5.27665
5.00217831;5.246131
5.00717831;5.27665
5.01217831;4.33668
5.01717831;5.27665
5.02217831;4.33668
5.02717831;5.27665
5.03217831;5.246131
5.03717831;5.27665
5.04217831;5.246131
5.04717831;4.364147
5.05217831;4.33668
5.05717831;4.364147
5.06217831;4.33668
5.06717831;4.364147
5.07217831;4.33668
5.07717831;4.364147
5.08217831;4.33668
5.08717831;4.364147
5.09217831;4.33668
5.09717831;4.364147
5.10217831;4.33668
5.10717831;4.364147
5.11217831;3.427228
5.11717831;4.364147
5.12217831;3.427228
5.12717831;4.364147
5.13217831;4.33668
5.13717831;4.364147
5.14217831;3.427228
5.14717831;4.364147
5.15217831;3.427228
5.15717831;3.451643
5.16217831;3.427228
5.16717831;3.451643
5.17217831;3.427228
5.17717831;4.364147
5.18217831;3.427228
5.18717831;3.451643
5.19217831;3.427228
5.19717831;3.451643
5.20217831;3.427228
5.2071783;3.451643
5.2121783;3.427228
5.2171783;3.451643
5.2221783;3.427228
5.2271783;3.451643
5.2321783;3.427228
5.2371783;3.451643
5.2421783;3.427228
5.2471783;3.451643
5.2521783;3.427228
5.2571783;3.451643
5.2621783;3.427228
5.2671783;3.451643
5.2721783;3.427228
5.2771783;3.451643
5.2821783;3.427228
5.2871783;3.451643
5.2921783;3.427228
5.2971783;2.53914
5.3021783;3.427228
5.3071783;3.451643
5.3121783;3.427228
5.3171783;3.451643
5.3221783;3.427228
5.3271783;2.53914
5.3321783;3.427228
5.3371783;3.451643
5.3421783;3.427228
5.3471783;2.53914
5.3521783;2.517777
5.3571783;2.53914
5.3621783;2.517777
5.3671783;2.53914
5.3721783;2.517777
5.3771783;2.53914
5.3821783;2.517777
5.3871783;2.53914
5.3921783;2.517777
5.3971783;2.53914
5.4021783;3.427228
5.4071783;1.626637
5.4121783;2.517777
5.4171783;1.626637
5.4221783;2.517777
5.4271783;1.626637
5.4321783;2.517777
5.4371783;2.53914
5.4421783;2.517777
5.4471783;1.626637
5.4521783;2.517777
5.4571783;1.626637
5.4621783;2.517777
5.4671783;1.626637
5.4721783;2.517777
5.4771783;1.626637
5.4821783;1.608325
5.4871783;1.626637
5.4921783;2.517777
5.4971783;1.626637
5.5021783;1.608325
5.5071783;1.626637
5.5121783;1.608325
5.5171783;1.626637
5.5221783;1.608325
5.5271783;1.626637
5.5321783;1.608325
5.5371783;1.626637
5.5421783;1.608325
5.5471783;1.626637
5.5521783;1.608325
5.5571783;1.626637
5.5621783;1.608325
5.5671783;1.626637
5.5721783;1.608325
5.5771783;1.626637
5.5821783;1.608325
5.5871783;1.626637
5.5921783;1.608325
5.5971783;1.626637
5.6021783;1.608325
5.6071783;1.626637
5.6121783;1.608325
5.6171783;1.626637
5.6221783;0.6988738
5.6271783;1.626637
5.6321783;0.6988738
5.6371783;1.626637
5.6421783;0.6988738
5.6471783;1.626637
5.6521783;1.608325
5.6571783;0.7141331
5.6621783;0.6988738
5.6671783;1.626637
5.6721783;0.6988738
5.6771783;0.7141331
5.6821783;0.6988738
5.6871783;1.626637
5.6921783;0.6988738
5.6971783;0.7141331
5.7021783;0.6988738
5.7071783;0.7141331
5.7121783;0.6988738
5.7171783;0.7141331
5.7221783;0.6988738
5.7271783;0.7141331
5.7321783;0.6988738
5.7371783;-0.1983703
5.7421783;0.6988738
5.7471783;-0.1983703
5.7521783;-0.2105777
5.7571783;0.7141331
5.7621783;-0.2105777
5.7671783;-0.1983703
5.7721783;0.6988738
5.7771783;-0.1983703
5.7821783;-0.2105777
5.7871783;-0.1983703
5.7921783;-0.2105777
5.7971783;-0.1983703
5.8021783;-0.2105777
5.8071783;-0.1983703
5.8121783;-0.2105777
5.8171783;-0.1983703
5.8221783;-0.2105777
5.8271783;-0.1983703
5.8321783;-0.2105777
5.8371783;-0.1983703
5.8421783;-0.2105777
5.8471783;-0.1983703
5.8521783;-0.2105777
5.8571783;-0.1983703
5.8621783;-0.2105777
5.8671783;-0.1983703
5.8721783;-0.2105777
5.8771783;-0.1983703
5.8821783;-0.2105777
5.8871783;-0.1983703
5.8921783;-0.2105777
5.8971783;-0.1983703
5.9021783;-0.2105777
5.9071783;-0.1983703
5.9121783;2.517777
5.9171783;5.27665
5.9221783;8.883938
5.9271783;10.75472
5.9321783;14.3437
5.9371783;18.0578
5.9421783;20.70986
5.9471783;23.53282
5.9521783;26.16962
5.9571783;29.01089
5.9621783;32.53883
5.9671783;36.31092
5.9721783;37.99554
5.9771783;40.87649
5.9821783;43.4553
5.9871783;47.26707
5.9921783;49.82146
5.9971783;52.74209
6.0021783;55.28123
6.0071783;58.22016
6.0121783;61.65044
6.0171783;64.60768
6.0221783;67.10715
6.0271783;70.08575
6.0321783;72.56691
6.0371783;75.56078
6.0421783;78.93307
6.0471783;81.95135
6.0521783;82.57393
6.0571783;83.77636
6.0621783;83.48338
6.0671783;83.77636
6.0721783;83.48338
6.0771783;83.77636
6.0821783;81.66447
6.0871783;81.95135
6.0921783;82.57393
6.0971783;82.86385
6.1021783;81.66447
6.1071783;81.03884
6.1121783;81.66447
6.1171783;81.95135
6.1221783;81.66447
6.1271783;81.95135
6.1321783;80.75198
6.1371783;80.12634
6.1421783;80.75198
6.1471783;81.03884
6.1521783;80.75198
6.1571783;80.12634
6.1621783;79.84252
6.1671783;80.12634
6.1721783;79.84252
6.1771783;80.12634
6.1821783;79.84252
6.1871783;79.21384
6.1921783;79.84252
6.1971783;79.21384
6.2021783;79.84252
6.2071783;80.12634
6.2121783;78.93307
6.2171783;78.30134
6.2221783;78.93307
6.2271783;78.30134
6.2321783;78.02361
6.2371783;78.30134
6.2421783;78.02361
6.2471783;77.38883
6.2521783;78.02361
6.2571783;78.30134
6.2621783;78.02361
6.2671783;77.38883
6.2721783;77.11417
6.2771783;76.47633
6.2821783;76.20471
6.2871783;77.38883
6.2921783;76.20471
6.2971783;76.47633
6.3021783;76.20471
6.3071783;76.47633
6.3121783;76.20471
6.3171783;76.47633
6.3221783;75.29527
6.3271783;75.56078
6.3321783;75.29527
6.3371783;75.56078
6.3421783;75.29527
6.3471783;74.64827
6.3521783;75.29527
6.3571783;74.64827
6.3621783;74.38581
6.3671783;74.64827
6.3721783;74.38581
6.3771783;74.64827
6.3821783;73.47636
6.3871783;74.64827
6.3921783;73.47636
6.3971783;73.73577
6.4021783;73.47636
6.4071783;72.82327
6.4121783;73.47636
6.4171783;72.82327
6.4221783;72.56691
6.4271783;72.82327
6.4321783;72.56691
6.4371783;72.82327
6.4421783;72.56691
6.4471783;72.82327
6.4521783;71.65746
6.4571783;71.91076
6.4621783;71.65746
6.4671783;71.91076
6.4721783;71.65746
6.4771783;70.99825
6.4821783;71.65746
6.4871783;70.99825
6.4921783;70.74496
6.4971783;70.99825
6.5021783;70.74496
6.5071783;70.99825
6.5121783;69.8355
6.5171783;70.99825
6.5221783;69.8355
6.5271783;70.08575
6.5321783;69.8355
6.5371783;70.08575
6.5421783;69.8355
6.5471783;70.08575
6.5521783;68.92605
6.5571783;69.17325
6.5621783;68.92605
6.5671783;69.17325
6.5721783;68.92605
6.5771783;69.17325
6.5821783;68.92605
6.5871783;68.26075
6.5921783;68.0166
6.5971783;68.26075
6.6021783;68.0166
6.6071783;68.26075
6.6121783;68.0166
6.6171783;67.34824
6.6221783;68.0166
6.6271783;67.34824
6.6321783;68.0166
6.6371783;67.34824
6.6421783;67.10715
6.6471783;66.43575
6.6521783;66.1977
6.6571783;66.43575
6.6621783;67.10715
6.6671783;67.34824
6.6721783;67.10715
6.6771783;66.43575
6.6821783;65.28824
6.6871783;66.43575
6.6921783;65.28824
6.6971783;66.43575
6.7021783;65.28824
6.7071783;65.52019
6.7121783;65.28824
6.7171783;64.60768
6.7221783;64.37879
6.7271783;65.52019
6.7321783;65.28824
6.7371783;65.52019
6.7421783;64.37879
6.7471783;63.69518
6.7521783;64.37879
6.7571783;64.60768
6.7621783;64.37879
6.7671783;63.69518
6.7721783;63.46934
6.7771783;63.69518
6.7821783;64.37879
6.7871783;63.69518
6.7921783;62.55989
6.7971783;62.78267
6.8021783;62.55989
6.8071783;63.69518
6.8121783;62.55989
6.8171783;62.78267
6.8221783;62.55989
6.8271783;61.87017
6.8321783;61.65044
6.8371783;61.87017
6.8421783;61.65044
6.8471783;61.87017
6.85217829;61.65044
6.85717829;61.87017
6.86217829;61.65044
6.86717829;60.95767
6.87217829;61.65044
6.87717829;60.95767
6.88217829;61.65044
6.88717829;60.95767
6.89217829;60.73793
6.89717829;60.04517
6.90217829;60.73793
6.90717829;60.04517
6.91217829;60.73793
6.91717829;60.04517
6.92217829;59.82848
6.92717829;60.04517
6.93217829;59.82848
6.93717829;60.04517
6.94217829;59.82848
6.94717829;60.04517
6.95217829;59.82848
6.95717829;60.04517
6.96217829;59.82848
6.96717829;59.13266
6.97217829;58.91903
6.97717829;58.22016
6.98217829;58.00958
6.98717829;59.13266
6.99217829;58.91903
6.99717829;58.22016
7.00217829;58.00958
7.00717829;58.22016
7.01217829;58.00958
7.01717829;58.22016
7.02217829;58.00958
7.02717829;58.22016
7.03217829;58.00958
7.03717829;58.22016
7.04217829;58.00958
7.04717829;58.22016
7.05217829;57.10013
7.05717829;57.30765
7.06217829;57.10013
7.06717829;57.30765
7.07217829;57.10013
7.07717829;56.39515
7.08217829;56.19068
7.08717829;56.39515
7.09217829;56.19068
7.09717829;56.39515
7.10217829;56.19068
7.10717829;55.4796
7.11217829;55.28123
7.11717829;56.39515
7.12217829;55.28123
7.12717829;56.39515
7.13217829;56.19068
7.13717829;55.4796
7.14217829;54.37177
7.14717829;55.4796
7.15217829;54.37177
7.15717829;55.4796
7.16217829;54.37177
7.16717829;54.56709
7.17217829;54.37177
7.17717829;54.56709
7.18217829;54.37177
7.18717829;54.56709
7.19217829;54.37177
7.19717829;54.56709
7.20217829;53.46232
7.20717829;53.65459
7.21217829;53.46232
7.21717829;53.65459
7.22217829;53.46232
7.22717829;53.65459
7.23217829;52.55287
7.23717829;52.74209
7.24217829;52.55287
7.24717829;53.65459
7.25217829;53.46232
7.25717829;52.74209
7.26217829;52.55287
7.26717829;52.74209
7.27217829;52.55287
7.27717829;52.74209
7.28217829;52.55287
7.28717829;51.82958
7.29217829;51.64037
7.29717829;51.82958
7.30217829;51.64037
7.30717829;51.82958
7.31217829;51.64037
7.31717829;50.91708
7.32217829;50.73092
7.32717829;51.82958
7.33217829;51.64037
7.33717829;50.91708
7.34217829;50.73092
7.34717829;50.91708
7.35217829;50.73092
7.35717829;50.91708
7.36217829;50.73092
7.36717829;50.91708
7.37217829;50.73092
7.37717829;50.91708
7.38217829;50.73092
7.38717829;50.91708
7.39217829;50.73092
7.39717829;50.00458
7.40217829;49.82146
7.40717829;49.09208
7.41217829;49.82146
7.41717829;50.00458
7.42217829;49.82146
7.42717829;49.09208
7.43217829;48.91201
7.43717829;49.09208
7.44217829;48.00256
7.44717829;49.09208
7.45217829;48.91201
7.45717829;49.09208
7.46217829;48.91201
7.46717829;49.09208
7.47217829;48.00256
7.47717829;48.17957
7.48217829;48.00256
7.48717829;48.17957
7.49217829;47.09311
7.49717829;48.17957
7.50217829;48.00256
7.50717829;47.26707
7.51217829;47.09311
7.51717829;47.26707
7.52217829;47.09311
7.52717829;47.26707
7.53217829;47.09311
7.53717829;47.26707
7.54217829;47.09311
7.54717829;47.26707
7.55217829;46.18366
7.55717829;47.26707
7.56217829;47.09311
7.56717829;47.26707
7.57217829;46.18366
7.57717829;46.35151
7.58217829;46.18366
7.58717829;46.35151
7.59217829;46.18366
7.59717829;46.35151
7.60217829;46.18366
7.60717829;45.43901
7.61217829;45.27421
7.61717829;45.43901
7.62217829;45.27421
7.62717829;45.43901
7.63217829;45.27421
7.63717829;45.43901
7.64217829;45.27421
7.64717829;45.43901
7.65217829;44.36475
7.65717829;45.43901
7.66217829;44.36475
7.66717829;44.5265
7.67217829;44.36475
7.67717829;44.5265
7.68217829;44.36475
7.68717829;44.5265
7.69217829;43.4553
7.69717829;44.5265
7.70217829;43.4553
7.70717829;44.5265
7.71217829;43.4553
7.71717829;43.614
7.72217829;43.4553
7.72717829;43.614
7.73217829;43.4553
7.73717829;43.614
7.74217829;43.4553
7.74717829;43.614
7.75217829;42.54585
7.75717829;43.614
7.76217829;43.4553
7.76717829;42.7015
7.77217829;42.54585
7.77717829;42.7015
7.78217829;42.54585
7.78717829;42.7015
7.79217829;42.54585
7.79717829;41.78899
7.80217829;42.54585
7.80717829;41.78899
7.81217829;41.63335
7.81717829;41.78899
7.82217829;42.54585
7.82717829;41.78899
7.83217829;41.63335
7.83717829;41.78899
7.84217829;41.63335
7.84717829;41.78899
7.85217829;40.7239
7.85717829;40.87649
7.86217829;41.63335
7.86717829;41.78899
7.87217829;41.63335
7.87717829;41.78899
7.88217829;40.7239
7.88717829;40.87649
7.89217829;39.81445
7.89717829;40.87649
7.90217829;39.81445
7.90717829;40.87649
7.91217829;39.81445
7.91717829;39.96399
7.92217829;39.81445
7.92717829;39.96399
7.93217829;39.81445
7.93717829;39.96399
7.94217829;39.81445
7.94717829;39.96399
7.95217829;39.81445
7.95717829;39.05148
7.96217829;39.81445
7.96717829;39.96399
7.97217829;39.81445
7.97717829;39.05148
7.98217829;39.81445
7.98717829;39.05148
7.99217829;38.90499
7.99717829;39.96399
8.00217829;38.90499
8.00717829;38.13898
8.01217829;38.90499
8.01717829;38.13898
8.02217829;37.99554
8.02717829;38.13898
8.03217829;37.99554
8.03717829;38.13898
8.04217829;37.99554
8.04717829;38.13898
8.05217829;37.99554
8.05717829;38.13898
8.06217829;37.99554
8.06717829;38.13898
8.07217829;37.99554
8.07717829;38.13898
8.08217829;37.08609
8.08717829;37.22648
8.09217829;37.99554
8.09717829;37.22648
8.10217829;37.08609
8.10717829;36.31092
8.11217829;36.17664
8.11717829;37.22648
8.12217829;36.17664
8.12717829;36.31092
8.13217829;36.17664
8.13717829;36.31092
8.14217829;36.17664
8.14717829;36.31092
8.15217829;36.17664
8.15717829;36.31092
8.16217829;36.17664
8.16717829;36.31092
8.17217829;36.17664
8.17717829;36.31092
8.18217829;35.26719
8.18717829;36.31092
8.19217829;35.26719
8.19717829;36.31092
8.20217829;35.26719
8.20717829;36.31092
8.21217829;35.26719
8.21717829;36.31092
8.22217829;35.26719
8.22717829;35.39842
8.23217829;35.26719
8.23717829;34.48592
8.24217829;34.35773
8.24717829;34.48592
8.25217829;34.35773
8.25717829;34.48592
8.26217829;34.35773
8.26717829;34.48592
8.27217829;34.35773
8.27717829;34.48592
8.28217829;33.44828
8.28717829;33.57341
8.29217829;33.44828
8.29717829;33.57341
8.30217829;33.44828
8.30717829;33.57341
8.31217829;32.53883
8.31717829;33.57341
8.32217829;33.44828
8.32717829;33.57341
8.33217829;33.44828
8.33717829;32.66091
8.34217829;32.53883
8.34717829;33.57341
8.35217829;32.53883
8.35717829;32.66091
8.36217829;32.53883
8.36717829;32.66091
8.37217829;32.53883
8.37717829;32.66091
8.38217829;32.53883
8.38717829;32.66091
8.39217829;32.53883
8.39717829;32.66091
8.40217829;32.53883
8.40717829;31.74841
8.41217829;32.53883
8.41717829;32.66091
8.42217829;31.62633
8.42717829;31.74841
8.43217829;31.62633
8.43717829;31.74841
8.44217829;31.62633
8.44717829;30.8359
8.45217829;31.62633
8.45717829;31.74841
8.46217829;31.62633
8.46717829;30.8359
8.47217829;31.62633
8.47717829;30.8359
8.48217829;31.62633
8.48717829;30.8359
8.49217829;31.62633
8.49717828;30.8359
8.50217828;30.71688
8.50717828;30.8359
8.51217828;30.71688
8.51717828;30.8359
8.52217828;30.71688
8.52717828;30.8359
8.53217828;30.71688
8.53717828;30.8359
8.54217828;29.80743
8.54717828;30.8359
8.55217828;29.80743
8.55717828;29.9234
8.56217828;29.80743
8.56717828;29.9234
8.57217828;29.80743
8.57717828;29.9234
8.58217828;28.89797
8.58717828;29.9234
8.59217828;29.80743
8.59717828;29.9234
8.60217828;28.89797
8.60717828;29.01089
8.61217828;28.89797
8.61717828;29.01089
8.62217828;28.89797
8.62717828;29.01089
8.63217828;28.89797
8.63717828;29.01089
8.64217828;28.89797
8.64717828;29.01089
8.65217828;28.89797
8.65717828;29.01089
8.66217828;28.89797
8.66717828;29.01089
8.67217828;28.89797
8.67717828;29.01089
8.68217828;27.98852
8.68717828;29.01089
8.69217828;27.98852
8.69717828;29.01089
8.70217828;27.98852
8.70717828;28.09839
8.71217828;27.98852
8.71717828;28.09839
8.72217828;27.98852
8.72717828;28.09839
8.73217828;27.98852
8.73717828;27.18589
8.74217828;27.07907
8.74717828;27.18589
8.75217828;27.98852
8.75717828;27.18589
8.76217828;27.07907
8.76717828;27.18589
8.77217828;27.07907
8.77717828;27.18589
8.78217828;27.07907
8.78717828;27.18589
8.79217828;27.07907
8.79717828;27.18589
8.80217828;26.16962
8.80717828;27.18589
8.81217828;27.07907
8.81717828;27.18589
8.82217828;26.16962
8.82717828;27.18589
8.83217828;25.26017
8.83717828;26.27033
8.84217828;26.16962
8.84717828;26.27033
8.85217828;26.16962
8.85717828;26.27033
8.86217828;26.16962
8.86717828;26.27033
8.87217828;25.26017
8.87717828;26.27033
8.88217828;26.16962
8.88717828;25.35783
8.89217828;25.26017
8.89717828;25.35783
8.90217828;25.26017
8.90717828;25.35783
8.91217828;25.26017
8.91717828;25.35783
8.92217828;25.26017
8.92717828;25.35783
8.93217828;25.26017
8.93717828;25.35783
8.94217828;25.26017
8.94717828;25.35783
8.95217828;24.35072
8.95717828;24.44533
8.96217828;25.26017
8.96717828;25.35783
8.97217828;24.35072
8.97717828;24.44533
8.98217828;24.35072
8.98717828;24.44533
8.99217828;24.35072
8.99717828;25.35783
9.00217828;24.35072
9.00717828;23.53282
9.01217828;23.44127
9.01717828;23.53282
9.02217828;23.44127
9.02717828;23.53282
9.03217828;23.44127
9.03717828;23.53282
9.04217828;23.44127
9.04717828;23.53282
9.05217828;23.44127
9.05717828;23.53282
9.06217828;23.44127
9.06717828;23.53282
9.07217828;23.44127
9.07717828;23.53282
9.08217828;23.44127
9.08717828;23.53282
9.09217828;23.44127
9.09717828;22.62032
9.10217828;22.52876
9.10717828;22.62032
9.11217828;22.52876
9.11717828;22.62032
9.12217828;22.52876
9.12717828;22.62032
9.13217828;21.61931
9.13717828;22.62032
9.14217828;22.52876
9.14717828;21.70782
9.15217828;22.52876
9.15717828;21.70782
9.16217828;21.61931
9.16717828;21.70782
9.17217828;21.61931
9.17717828;21.70782
9.18217828;21.61931
9.18717828;21.70782
9.19217828;21.61931
9.19717828;21.70782
9.20217828;21.61931
9.20717828;21.70782
9.21217828;21.61931
9.21717828;21.70782
9.22217828;21.61931
9.22717828;21.70782
9.23217828;21.61931
9.23717828;20.79531
9.24217828;21.61931
9.24717828;21.70782
9.25217828;21.61931
9.25717828;21.70782
9.26217828;20.70986
9.26717828;21.70782
9.27217828;20.70986
9.27717828;19.88281
9.28217828;20.70986
9.28717828;20.79531
9.29217828;20.70986
9.29717828;19.88281
9.30217828;20.70986
9.30717828;19.88281
9.31217828;20.70986
9.31717828;19.88281
9.32217828;19.80041
9.32717828;19.88281
9.33217828;19.80041
9.33717828;19.88281
9.34217828;19.80041
9.34717828;19.88281
9.35217828;19.80041
9.35717828;19.88281
9.36217828;19.80041
9.36717828;19.88281
9.37217828;20.70986
9.37717828;19.88281
9.38217828;19.80041
9.38717828;19.88281
9.39217828;18.89096
9.39717828;19.88281
9.40217828;19.80041
9.40717828;19.88281
9.41217828;18.89096
9.41717828;18.9703
9.42217828;18.89096
9.42717828;18.9703
9.43217828;18.89096
9.43717828;18.9703
9.44217828;18.89096
9.44717828;18.9703
9.45217828;18.89096
9.45717828;18.0578
9.46217828;18.89096
9.46717828;18.9703
9.47217828;18.89096
9.47717828;18.0578
9.48217828;17.98151
9.48717828;18.0578
9.49217828;17.98151
9.49717828;18.0578
9.50217828;17.98151
9.50717828;18.0578
9.51217828;17.98151
9.51717828;18.0578
9.52217828;17.98151
9.52717828;18.0578
9.53217828;17.98151
9.53717828;18.0578
9.54217828;17.98151
9.54717828;18.0578
9.55217828;17.98151
9.55717828;18.0578
9.56217828;17.98151
9.56717828;18.0578
9.57217828;17.98151
9.57717828;18.0578
9.58217828;17.07205
9.58717828;17.14225
9.59217828;17.98151
9.59717828;18.0578
9.60217828;17.98151
9.60717828;17.14225
9.61217828;17.98151
9.61717828;16.22974
9.62217828;17.07205
9.62717828;17.14225
9.63217828;17.07205
9.63717828;17.14225
9.64217828;17.07205
9.64717828;16.22974
9.65217828;17.07205
9.65717828;16.22974
9.66217828;17.07205
9.66717828;17.14225
9.67217828;17.07205
9.67717828;16.22974
9.68217828;17.07205
9.68717828;16.22974
9.69217828;17.07205
9.69717828;16.22974
9.70217828;16.1626
9.70717828;16.22974
9.71217828;16.1626
9.71717828;16.22974
9.72217828;17.07205
9.72717828;16.22974
9.73217828;16.1626
9.73717828;16.22974
9.74217828;16.1626
9.74717828;16.22974
9.75217828;16.1626
9.75717828;16.22974
9.76217828;15.25315
9.76717828;16.22974
9.77217828;15.25315
9.77717828;15.31724
9.78217828;15.25315
9.78717828;15.31724
9.79217828;15.25315
9.79717828;15.31724
9.80217828;16.1626
9.80717828;14.40474
9.81217828;15.25315
9.81717828;15.31724
9.82217828;15.25315
9.82717828;14.40474
9.83217828;14.3437
9.83717828;14.40474
9.84217828;15.25315
9.84717828;15.31724
9.85217828;15.25315
9.85717828;14.40474
9.86217828;14.3437
9.86717828;14.40474
9.87217828;14.3437
9.87717828;14.40474
9.88217828;14.3437
9.88717828;14.40474
9.89217828;14.3437
9.89717828;14.40474
9.90217828;14.3437
9.90717828;14.40474
9.91217828;14.3437
9.91717828;13.49223
9.92217828;14.3437
9.92717828;14.40474
9.93217828;14.3437
9.93717828;13.49223
9.94217828;14.3437
9.94717828;14.40474
9.95217828;14.3437
9.95717828;13.49223
9.96217828;14.3437
9.96717828;13.49223
9.97217828;13.43425
9.97717828;12.57973
9.98217828;14.3437
9.98717828;13.49223
9.99217828;14.3437
9.99717828;12.57973
10.00217828;13.43425
10.00717828;12.57973
10.01217828;13.43425
10.01717828;12.57973
10.02217828;13.43425
10.02717828;12.57973
10.03217828;13.43425
10.03717828;12.57973
10.04217828;13.43425
10.04717828;12.57973
10.05217828;12.52174
10.05717828;12.57973
10.06217828;12.52174
10.06717828;12.57973
10.07217828;12.52174
10.07717828;12.57973
10.08217828;12.52174
10.08717828;12.57973
10.09217828;12.52174
10.09717828;12.57973
10.10217828;11.61229
10.10717828;12.57973
10.11217828;12.52174
10.11717828;12.57973
10.12217828;12.52174
10.12717828;11.66723
10.13217828;12.52174
10.13717828;11.66723
10.14217827;11.61229
10.14717827;11.66723
10.15217827;11.61229
10.15717827;11.66723
10.16217827;11.61229
10.16717827;11.66723
10.17217827;11.61229
10.17717827;11.66723
10.18217827;11.61229
10.18717827;11.66723
10.19217827;11.61229
10.19717827;11.66723
10.20217827;11.61229
10.20717827;10.75472
10.21217827;10.70284
10.21717827;11.66723
10.22217827;10.70284
10.22717827;10.75472
10.23217827;10.70284
10.23717827;10.75472
10.24217827;10.70284
10.24717827;10.75472
10.25217827;11.61229
10.25717827;10.75472
10.26217827;10.70284
10.26717827;10.75472
10.27217827;10.70284
10.27717827;10.75472
10.28217827;10.70284
10.28717827;10.75472
10.29217827;10.70284
10.29717827;10.75472
10.30217827;10.70284
10.30717827;10.75472
10.31217827;10.70284
10.31717827;10.75472
10.32217827;10.70284
10.32717827;9.842219
10.33217827;10.70284
10.33717827;10.75472
10.34217827;9.793389
10.34717827;10.75472
10.35217827;10.70284
10.35717827;10.75472
10.36217827;10.70284
10.36717827;9.842219
10.37217827;9.793389
10.37717827;9.842219
10.38217827;10.70284
10.38717827;9.842219
10.39217827;9.793389
10.39717827;9.842219
10.40217827;9.793389
10.40717827;9.842219
10.41217827;9.793389
10.41717827;9.842219
10.42217827;9.793389
10.42717827;8.929716
10.43217827;9.793389
10.43717827;8.929716
10.44217827;9.793389
10.44717827;8.929716
10.45217827;9.793389
10.45717827;8.929716
10.46217827;9.793389
10.46717827;8.929716
10.47217827;9.793389
10.47717827;8.929716
10.48217827;9.793389
10.48717827;8.929716
10.49217827;8.883938
10.49717827;8.929716
10.50217827;8.883938
10.50717827;8.929716
10.51217827;8.883938
10.51717827;8.929716
10.52217827;8.883938
10.52717827;8.929716
10.53217827;7.974486
10.53717827;8.929716
10.54217827;8.883938
10.54717827;8.929716
10.55217827;8.883938
10.55717827;8.017212
10.56217827;8.883938
10.56717827;8.929716
10.57217827;7.974486
10.57717827;8.017212
10.58217827;8.883938
10.58717827;8.017212
10.59217827;7.065034
10.59717827;8.017212
10.60217827;7.974486
10.60717827;8.017212
10.61217827;7.974486
10.61717827;8.017212
10.62217827;7.065034
10.62717827;8.017212
10.63217827;7.974486
10.63717827;8.017212
10.64217827;7.974486
10.64717827;8.017212
10.65217827;7.065034
10.65717827;7.101657
10.66217827;7.974486
10.66717827;8.017212
10.67217827;7.065034
10.67717827;7.101657
10.68217827;7.065034
10.68717827;7.101657
10.69217827;7.065034
10.69717827;8.017212
10.70217827;7.065034
10.70717827;7.101657
10.71217827;7.065034
10.71717827;7.101657
10.72217827;7.065034
10.72717827;7.101657
10.73217827;7.065034
10.73717827;7.101657
10.74217827;7.065034
10.74717827;7.101657
10.75217827;7.065034
10.75717827;7.101657
10.76217827;7.065034
10.76717827;7.101657
10.77217827;7.065034
10.77717827;7.101657
10.78217827;7.065034
10.78717827;7.101657
10.79217827;6.155583
10.79717827;6.189154
10.80217827;7.065034
10.80717827;7.101657
10.81217827;6.155583
10.81717827;7.101657
10.82217827;6.155583
10.82717827;7.101657
10.83217827;6.155583
10.83717827;7.101657
10.84217827;6.155583
10.84717827;7.101657
10.85217827;7.065034
10.85717827;6.189154
10.86217827;6.155583
10.86717827;5.27665
10.87217827;6.155583
10.87717827;6.189154
10.88217827;6.155583
10.88717827;5.27665
10.89217827;6.155583
10.89717827;5.27665
10.90217827;6.155583
10.90717827;5.27665
10.91217827;6.155583
10.91717827;5.27665
10.92217827;5.246131
10.92717827;5.27665
10.93217827;5.246131
10.93717827;5.27665
10.94217827;6.155583
10.94717827;5.27665
10.95217827;5.246131
10.95717827;5.27665
10.96217827;5.246131
10.96717827;5.27665
10.97217827;4.33668
10.97717827;5.27665
10.98217827;5.246131
10.98717827;5.27665
10.99217827;4.33668
10.99717827;5.27665
11.00217827;5.246131
11.00717827;5.27665
11.01217827;5.246131
11.01717827;5.27665
11.02217827;4.33668
11.02717827;5.27665
11.03217827;5.246131
11.03717827;5.27665
11.04217827;4.33668
11.04717827;4.364147
11.05217827;4.33668
11.05717827;5.27665
11.06217827;4.33668
11.06717827;4.364147
11.07217827;5.246131
11.07717827;4.364147
11.08217827;4.33668
11.08717827;4.364147
11.09217827;4.33668
11.09717827;5.27665
11.10217827;4.33668
11.10717827;4.364147
11.11217827;3.427228
11.11717827;4.364147
11.12217827;4.33668
11.12717827;5.27665
11.13217827;4.33668
11.13717827;3.451643
11.14217827;3.427228
11.14717827;4.364147
11.15217827;4.33668
11.15717827;4.364147
11.16217827;3.427228
11.16717827;3.451643
11.17217827;3.427228
11.17717827;4.364147
11.18217827;4.33668
11.18717827;3.451643
11.19217827;3.427228
11.19717827;3.451643
11.20217827;3.427228
11.20717827;3.451643
11.21217827;3.427228
11.21717827;3.451643
11.22217827;3.427228
11.22717827;3.451643
11.23217827;3.427228
11.23717827;3.451643
11.24217827;4.33668
11.24717827;3.451643
11.25217827;2.517777
11.25717827;3.451643
11.26217827;3.427228
11.26717827;4.364147
11.27217827;3.427228
11.27717827;2.53914
11.28217827;2.517777
11.28717827;3.451643
11.29217827;4.33668
11.29717827;3.451643
11.30217827;3.427228
11.30717827;1.626637
11.31217827;3.427228
11.31717827;3.451643
11.32217827;3.427228
11.32717827;3.451643
11.33217827;2.517777
11.33717827;1.626637
11.34217827;3.427228
11.34717827;3.451643
11.35217827;3.427228
11.35717827;2.53914
11.36217827;2.517777
11.36717827;2.53914
11.37217827;3.427228
11.37717827;3.451643
11.38217827;2.517777
11.38717827;1.626637
11.39217827;2.517777
11.39717827;3.451643
11.40217827;3.427228
11.40717827;3.451643
11.41217827;2.517777
11.41717827;1.626637
11.42217827;2.517777
11.42717827;3.451643
11.43217827;2.517777
11.43717827;1.626637
11.44217827;1.608325
11.44717827;1.626637
11.45217827;2.517777
11.45717827;2.53914
11.46217827;3.427228
11.46717827;1.626637
11.47217827;1.608325
11.47717827;1.626637
11.48217827;2.517777
11.48717827;2.53914
11.49217827;2.517777
11.49717827;1.626637
11.50217827;1.608325
11.50717827;1.626637
11.51217827;2.517777
11.51717827;2.53914
11.52217827;1.608325
11.52717827;1.626637
11.53217827;2.517777
11.53717827;1.626637
11.54217827;2.517777
11.54717827;1.626637
11.55217827;0.6988738
11.55717827;1.626637
11.56217827;1.608325
11.56717827;1.626637
11.57217827;2.517777
11.57717827;0.7141331
11.58217827;0.6988738
11.58717827;1.626637
11.59217827;1.608325
11.59717827;1.626637
11.60217827;1.608325
11.60717827;0.7141331
11.61217827;0.6988738
11.61717827;1.626637
11.62217827;1.608325
11.62717827;1.626637
11.63217827;0.6988738
11.63717827;0.7141331
11.64217827;1.608325
11.64717827;1.626637
11.65217827;1.608325
11.65717827;1.626637
11.66217827;0.6988738
11.66717827;0.7141331
11.67217827;1.608325
11.67717827;1.626637
11.68217827;0.6988738
11.68717827;0.7141331
11.69217827;0.6988738
11.69717827;0.7141331
11.70217827;0.6988738
11.70717827;1.626637
11.71217827;0.6988738
11.71717827;-0.1983703
11.72217827;0.6988738
11.72717827;0.7141331
11.73217827;0.6988738
11.73717827;0.7141331
11.74217827;0.6988738
11.74717827;-0.1983703
